name,collection_year_prev,collection_year,collect_start,collect_end,collect_dates_check
ARRA-TX_CalhounCo_2010,2010.0,2011.0,2011-01-07,2011-01-28,gpstime_unavailable
ARRA-TX_HidalgoCo_2010,2010.0,2011.0,2011-02-01,2011-03-02,gpstime_unavailable
ARRA-TX_NuecesCo_2010,2010.0,2011.0,2011-01-06,2011-01-26,gpstime_unavailable
ARRA-TX_WilacyCo_2010,2010.0,2011.0,2011-02-01,2011-03-02,gpstime_unavailable
FL_Elgin_2006-2008,2008.0,2006.0,2006-07-01,2008-06-15,gpstime_unavailable
FL_WaltonAFB_2006-2008,2008.0,2006.0,2006-07-10,2008-06-15,gpstime_unavailable
GA_Central_1_2018,2018.0,2019.0,2019-12-31,2020-01-28,gpstime_only
GA_Central_2_2018,2018.0,2020.0,2020-01-25,2020-02-23,gpstime_only
GA_Central_3_2018,2018.0,2020.0,2020-02-03,2020-03-28,gpstime_only
GA_Central_4_2018,2018.0,2020.0,2020-02-14,2020-03-28,gpstime_only
GA_Central_5_2018,2018.0,2019.0,2019-12-18,2020-02-02,gpstime_only
GA_Central_6_2018,2018.0,2020.0,2020-01-08,2020-01-29,gpstime_only
IA_FullState,,,,,no_date
IL_Johnson-Pulaski_MassacCos_2012-2014,2014.0,2012.0,2012-02-02,2012-02-17,confirmed_by_gpstime
KY_FullState,,,,,no_date
LA_Atchafalaya2_2013,2013.0,2012.0,2012-12-18,2013-03-02,confirmed_by_gpstime
MN_FullState,,2011.0,2011-05-15,2012-11-02,gpstime_only
NY_NewYorkCity,,2014.0,2014-03-22,2014-04-19,gpstime_only
USGS_LPC_AK_Anchorage_2015_LAS_2017,2017.0,2015.0,2015-05-10,2016-09-29,confirmed_by_gpstime
USGS_LPC_AK_FairbanksNSB_QL1_2017_LAS_2018,2018.0,2017.0,2017-05-28,2017-09-13,confirmed_by_gpstime
USGS_LPC_AK_FairbanksNSB_QL2_2017_LAS_2018,2018.0,2017.0,2017-05-28,2017-09-13,confirmed_by_gpstime
USGS_LPC_AK_POW_P2_2018_LAS_2019,2019.0,2018.0,2018-05-06,2018-09-18,confirmed_by_gpstime
USGS_LPC_AK_POW_P2_TL_2018_LAS_2019,2019.0,2018.0,2018-05-06,2018-09-18,confirmed_by_gpstime
USGS_LPC_AK_PrinceofWalesIsland_2017_LAS_2019,2019.0,2017.0,2017-05-27,2017-10-02,confirmed_by_gpstime
USGS_LPC_AL_25Co_B1_2017,2017.0,2016.0,2016-12-02,2017-02-15,confirmed_by_gpstime
USGS_LPC_AL_25Co_B7_2017,2017.0,2018.0,2018-01-02,2018-01-19,confirmed_by_gpstime
USGS_LPC_AL_25Co_B8_2017,2017.0,2018.0,2018-01-14,2018-12-17,confirmed_by_gpstime
USGS_LPC_AL_3County_2015_LAS_2017,2017.0,2015.0,2015-12-10,2016-02-16,confirmed_by_gpstime
USGS_LPC_AL_ADECA_B1_2016_LAS_2019,2019.0,2016.0,2016-12-02,2017-03-15,confirmed_by_gpstime
USGS_LPC_AL_ADECA_B2_2016_LAS_2019,2019.0,2016.0,2016-10-24,2017-03-24,confirmed_by_gpstime
USGS_LPC_AL_AGIO_B1_2016_LAS_2019,2019.0,2016.0,2016-12-02,2017-03-15,confirmed_by_gpstime
USGS_LPC_AL_AGIO_B2_2016_LAS_2019,2019.0,2016.0,2016-12-02,2017-03-15,confirmed_by_gpstime
USGS_LPC_AL_Autauga_2010_LAS_2016,2016.0,2010.0,2010-04-02,2010-04-05,gpstime_unavailable
USGS_LPC_AL_Clay_CleburneCo_2013_LAS_2016,2016.0,2013.0,2013-01-19,2013-01-26,confirmed_by_gpstime
USGS_LPC_AL_Coffee_Dale_GenevaCo_2011_LAS_2016,2016.0,2011.0,2011-01-12,2011-07-17,gpstime_unavailable
USGS_LPC_AL_EscambiaCo_2013_LAS_2016,2016.0,2013.0,2013-01-22,2013-01-31,confirmed_by_gpstime
USGS_LPC_AL_JeffersonCo_2013_LAS_2015,2015.0,2013.0,2013-04-13,2013-05-07,confirmed_by_gpstime
USGS_LPC_AL_LawrenceCo_2012_LAS_2018,2018.0,2012.0,2012-03-01,2012-03-04,confirmed_by_gpstime
USGS_LPC_AL_MobileCo_2014_LAS_2016,2016.0,2014.0,2014-01-12,2014-01-22,confirmed_by_gpstime
USGS_LPC_AL_MorganCo_2012_LAS_2018,2018.0,2012.0,2012-07-10,2012-07-10,gpstime_unavailable
USGS_LPC_AL_ThreeCo_2012_LAS_2015,2015.0,2014.0,2014-01-04,2014-01-18,conflict_wesm_vs_gpstime
USGS_LPC_AR_Benton_Co_2015_LAS_2017,2017.0,2015.0,2015-12-02,2015-12-04,confirmed_by_gpstime
USGS_LPC_AR_LakeConwayPointRE_2014_LAS_2016,2016.0,2012.0,2012-01-13,2012-05-10,gpstime_unavailable
USGS_LPC_AR_NRCS_A1_2016_LAS_2017,2017.0,2016.0,2016-02-17,2016-09-28,confirmed_by_gpstime
USGS_LPC_AR_NRCS_A2_2016_LAS_2017,2017.0,2016.0,2016-02-17,2016-09-28,confirmed_by_gpstime
USGS_LPC_AR_NRCS_A3_2016_LAS_2017,2017.0,2016.0,2016-02-17,2016-09-26,confirmed_by_gpstime
USGS_LPC_AR_NRCS_A4_2016_LAS_2017,2017.0,2016.0,2016-02-16,2017-03-03,confirmed_by_gpstime
USGS_LPC_AR_NRCS_A5_2016_LAS_2017,2017.0,2016.0,2016-02-17,2016-09-28,conflict_wesm_vs_gpstime
USGS_LPC_AR_NRCS_Cache_2011_LAS_2016,2016.0,2011.0,2011-04-07,2011-04-11,gpstime_unavailable
USGS_LPC_AR_North_Corridor_B1_2017_LAS_2018,2018.0,2016.0,2016-12-15,2017-01-28,confirmed_by_gpstime
USGS_LPC_AR_North_Corridor_B2_2017_LAS_2018,2018.0,2016.0,2016-12-15,2017-01-28,confirmed_by_gpstime
USGS_LPC_AR_North_Corridor_B3_2017_LAS_2018,2018.0,2016.0,2016-12-15,2017-01-28,confirmed_by_gpstime
USGS_LPC_AR_Ouachita_2016_LAS_2018,2018.0,2017.0,2017-01-20,2017-03-27,confirmed_by_gpstime
USGS_LPC_AR_Ouachita_B1_2016_LAS_2018,2018.0,2017.0,2017-01-20,2017-03-26,confirmed_by_gpstime
USGS_LPC_AR_Ouachita_B2_2016_LAS_2018,2018.0,2017.0,2017-01-20,2017-03-27,confirmed_by_gpstime
USGS_LPC_AR_Ouachita_B3_2016_LAS_2018,2018.0,2017.0,2017-01-20,2017-03-27,confirmed_by_gpstime
USGS_LPC_AR_Ouachita_B5_2016_LAS_2018,2018.0,2017.0,2017-01-20,2017-03-26,confirmed_by_gpstime
USGS_LPC_AR_Ouachita_B6_2016_LAS_2018,2018.0,2017.0,2017-01-20,2017-03-26,confirmed_by_gpstime
USGS_LPC_AR_Ouachita_B7_2016_LAS_2018,2018.0,2017.0,2017-01-20,2017-03-26,confirmed_by_gpstime
USGS_LPC_AR_R6_JeffersonCO_2015_LAS_2016,2016.0,2015.0,2015-01-16,2015-01-18,confirmed_by_gpstime
USGS_LPC_AR_R6_LowerBlackwaterWS_2015_LAS_2016,2016.0,2015.0,2015-01-14,2015-01-24,confirmed_by_gpstime
USGS_LPC_AR_R6_WashingtonCO_2015_LAS_2016,2016.0,2015.0,2015-01-05,2015-01-24,confirmed_by_gpstime
USGS_LPC_AR_UpperSaline_2014_LAS_2015,2015.0,2014.0,2014-01-20,2014-01-22,gpstime_unavailable
USGS_LPC_AZ_BrawleyRillito_FEMA_2018,2018.0,2019.0,2019-03-05,2019-06-01,confirmed_by_gpstime
USGS_LPC_AZ_BrawleyRillito_NRCS_2018,2018.0,2019.0,2019-03-05,2019-06-01,confirmed_by_gpstime
USGS_LPC_AZ_CORiverBasin_L1_2014_LAS_2017,2017.0,2014.0,2014-03-07,2014-03-20,confirmed_by_gpstime
USGS_LPC_AZ_ColoradoRiverLot2_2014_LAS_2015,2015.0,2014.0,2014-07-31,2014-08-06,confirmed_by_gpstime
USGS_LPC_AZ_Fredonia_QL1_2016_LAS_2018,2018.0,2016.0,2016-10-15,2017-12-10,confirmed_by_gpstime
USGS_LPC_AZ_LowerColoradoRiver_2015_LAS_2016,2016.0,2015.0,2015-04-18,2015-04-18,confirmed_by_gpstime
USGS_LPC_AZ_Safford_QL2_2016_LAS_2018,2018.0,2016.0,2016-10-15,2017-12-10,confirmed_by_gpstime
USGS_LPC_AZ_VerdeKaibab_B1_2018_LAS_2019,2019.0,2018.0,2018-08-10,2018-09-07,confirmed_by_gpstime
USGS_LPC_AZ_VerdeKaibab_B1_TL_2018_LAS_2019,2019.0,2018.0,2018-08-10,2018-09-05,confirmed_by_gpstime
USGS_LPC_AZ_VerdeKaibab_B2_2018_LAS_2019,2019.0,2018.0,2018-08-10,2018-09-08,confirmed_by_gpstime
USGS_LPC_AZ_VerdeKaibab_B2_TL_2018_LAS_2019,2019.0,2018.0,2018-08-10,2018-09-08,confirmed_by_gpstime
USGS_LPC_AZ_WalnutGulch_2015_LAS_2017,2017.0,2015.0,2015-09-16,2015-09-18,confirmed_by_gpstime
USGS_LPC_CA_Central_Valley_2017_LAS_2019,2019.0,2017.0,2017-12-03,2017-12-07,confirmed_by_gpstime
USGS_LPC_CA_E_SanDiegoCo_2016_LAS_2017,2017.0,2016.0,2016-10-31,2017-01-31,confirmed_by_gpstime
USGS_LPC_CA_FEMA_R9_Alpine_2017_LAS_2018,2018.0,2017.0,2017-08-24,2017-08-24,confirmed_by_gpstime
USGS_LPC_CA_FEMA_R9_Cow_Creek_2017_LAS_2018,2018.0,2017.0,2017-03-11,2017-03-12,confirmed_by_gpstime
USGS_LPC_CA_FEMA_R9_Keefer_2017_LAS_2018,2018.0,2017.0,2017-05-19,2017-05-21,conflict_wesm_vs_gpstime
USGS_LPC_CA_FEMA_R9_Mendocino_HF_2017_LAS_2018,2018.0,2017.0,2017-03-01,2018-04-03,confirmed_by_gpstime
USGS_LPC_CA_FEMA_R9_Russian_2017_LAS_2018,2018.0,2017.0,2017-03-03,2017-06-24,confirmed_by_gpstime
USGS_LPC_CA_FEMA_R9_Upper_Pit_2017_LAS_2019,2019.0,2017.0,2017-03-03,2017-08-24,confirmed_by_gpstime
USGS_LPC_CA_LakeCounty_2015_LAS_2017,2017.0,2015.0,2015-12-29,2016-02-14,confirmed_by_gpstime
USGS_LPC_CA_LongValleyCaldera_2017_LAS_2018,2018.0,2017.0,2017-10-09,2017-10-09,confirmed_by_gpstime
USGS_LPC_CA_LosAngeles_2016_LAS_2018,2018.0,2015.0,2015-09-27,2016-10-18,confirmed_by_gpstime
USGS_LPC_CA_NoCAL_Wildfires_B5b_2018,2018.0,2017.0,2017-12-01,2018-04-24,conflict_wesm_vs_gpstime
USGS_LPC_CA_NoCAL_Wildfires_PlumasNF_B1_2018,2018.0,2017.0,2017-12-01,2018-04-24,conflict_wesm_vs_gpstime
USGS_LPC_CA_NoCal_Wildfires_B5b_QL1_2018,2018.0,2017.0,2017-12-01,2018-04-24,conflict_wesm_vs_gpstime
USGS_LPC_CA_NoCal_Wildfires_CampFire_2018,2018.0,2019.0,2019-02-10,2019-09-06,confirmed_by_gpstime
USGS_LPC_CA_NoCal_Wildfires_GMEG_2018,2018.0,2019.0,2019-02-10,2019-09-06,confirmed_by_gpstime
USGS_LPC_CA_SanBernardinoCo_AreaA_2013_LAS_2018,2018.0,2013.0,2013-03-10,2013-03-19,gpstime_unavailable
USGS_LPC_CA_SanBernardinoCo_AreaB_2013_LAS_2018,2018.0,2013.0,2013-03-10,2013-03-19,gpstime_unavailable
USGS_LPC_CA_SanDiegoQL1_2014_LAS_2016,2016.0,2014.0,2014-10-27,2015-02-17,confirmed_by_gpstime
USGS_LPC_CA_SoCAL_Wildfires_TL_2018_LAS_2019,2019.0,2018.0,2018-05-27,2018-10-12,confirmed_by_gpstime
USGS_LPC_CA_SoCal_Wildfires_B1_2018_LAS_2019,2019.0,2018.0,2018-05-27,2018-10-12,confirmed_by_gpstime
USGS_LPC_CA_SoCal_Wildfires_B2_2018_LAS_2019,2019.0,2018.0,2018-05-27,2018-10-12,confirmed_by_gpstime
USGS_LPC_CA_SoCal_Wildfires_B3_2018_LAS_2019,2019.0,2018.0,2018-05-27,2018-07-22,confirmed_by_gpstime
USGS_LPC_CA_SoCal_Wildfires_B4_2018_LAS_2019,2019.0,2018.0,2018-05-27,2018-10-12,confirmed_by_gpstime
USGS_LPC_CA_Sonoma_2013_LAS_2017,2017.0,2013.0,2013-09-28,2013-11-11,confirmed_by_gpstime
USGS_LPC_CA_Sonoma_A2_2013_LAS_2017,2017.0,2013.0,2013-09-28,2013-11-11,confirmed_by_gpstime
USGS_LPC_CA_Sonoma_A3_2013_LAS_2017,2017.0,2013.0,2013-09-28,2013-11-11,confirmed_by_gpstime
USGS_LPC_CA_Sonoma_A4_2013_LAS_2017,2017.0,2013.0,2013-09-28,2013-11-11,confirmed_by_gpstime
USGS_LPC_CA_WestCoastElNinoUTM10_2016_LAS_2017,2017.0,2016.0,2016-04-28,2016-05-28,confirmed_by_gpstime
USGS_LPC_CA_WestCoastElNinoUTM11_2016_LAS_2017,2017.0,2016.0,2016-04-28,2016-05-28,confirmed_by_gpstime
USGS_LPC_CO_Central_Western_2016_LAS_2018,2018.0,2016.0,2016-05-28,2016-10-07,confirmed_by_gpstime
USGS_LPC_CO_MesaCo_QL1_2016_LAS_2017,2017.0,2015.0,2015-11-01,2016-07-17,confirmed_by_gpstime
USGS_LPC_CO_MesaCo_QL2_2015_LAS_2017,2017.0,2015.0,2015-11-01,2016-07-17,confirmed_by_gpstime
USGS_LPC_CO_MesaCo_QL2_UTM13_2015_LAS_2017,2017.0,2015.0,2015-11-01,2016-07-17,confirmed_by_gpstime
USGS_LPC_CO_SanJuan_NF_2017_LAS_2018,2018.0,2017.0,2017-09-16,2017-10-24,confirmed_by_gpstime
USGS_LPC_CO_SoPlatteRiver_Lot1_2013_LAS_2015,2015.0,2013.0,2013-10-25,2014-05-31,confirmed_by_gpstime
USGS_LPC_CO_SoPlatteRiver_Lot2a_2013_LAS_2015,2015.0,2013.0,2013-10-25,2014-05-31,confirmed_by_gpstime
USGS_LPC_CO_SoPlatteRiver_Lot5_2013_LAS_2015,2015.0,2013.0,2013-10-25,2014-05-31,confirmed_by_gpstime
USGS_LPC_CO_SoPlatte_Lot3_2013_LAS_2015,2015.0,2013.0,2013-10-25,2014-07-25,confirmed_by_gpstime
USGS_LPC_CT_River_Lot6_Winnipesaulee_2015_LAS_2017,2017.0,2015.0,2015-10-27,2015-11-23,gpstime_only
USGS_LPC_CT_Sandy_2014_LAS_2015,2015.0,2014.0,2014-04-27,2014-05-29,confirmed_by_gpstime
USGS_LPC_DE_DelawareValleyHD_5A_2015_LAS_2017,2017.0,2015.0,2015-04-12,2015-11-25,confirmed_by_gpstime
USGS_LPC_DE_DelawareValley_HD_2015_LAS_2017,2017.0,2015.0,2015-04-12,2015-05-23,confirmed_by_gpstime
USGS_LPC_DE_Snds_2013_LAS_2015,2015.0,2013.0,2013-12-17,2014-04-06,confirmed_by_gpstime
USGS_LPC_FL_LeonCo_2018_LAS_2019,2019.0,2018.0,2018-02-05,2018-04-25,confirmed_by_gpstime
USGS_LPC_FL_Lower_Choctawhatchee_TL_2017_LAS_2019,2019.0,2017.0,2017-05-02,2017-05-17,confirmed_by_gpstime
USGS_LPC_FL_MartinCo_2015_LAS_2017,2017.0,2016.0,2016-01-16,2016-01-23,confirmed_by_gpstime
USGS_LPC_FL_PalmBeachCo_2016_LAS_2019,2019.0,2016.0,2016-12-28,2017-03-10,confirmed_by_gpstime
USGS_LPC_FL_Panhandle_B1_2018_LAS_2019,2019.0,2018.0,2018-03-31,2018-05-10,confirmed_by_gpstime
USGS_LPC_FL_Panhandle_B2_2018_LAS_2019,2019.0,2018.0,2018-03-31,2018-05-10,confirmed_by_gpstime
USGS_LPC_FL_Panhandle_B3_2018_LAS_2019,2019.0,2018.0,2018-03-31,2019-05-10,confirmed_by_gpstime
USGS_LPC_FL_PeaceRiver_2014_LAS_2018,2018.0,2014.0,2014-12-01,2015-11-06,confirmed_by_gpstime
USGS_LPC_FL_Southeast_B1_2018_LAS_2019,2019.0,2018.0,2018-06-02,2018-06-02,confirmed_by_gpstime
USGS_LPC_FL_Southeast_B2_2018_LAS_2019,2019.0,2018.0,2018-06-02,2018-12-17,confirmed_by_gpstime
USGS_LPC_FL_Southeast_TL_2018_LAS_2019,2019.0,2018.0,2018-06-02,2018-12-17,confirmed_by_gpstime
USGS_LPC_FL_Southwest_A_2018_LAS_2019,2019.0,2018.0,2018-05-08,2018-10-29,confirmed_by_gpstime
USGS_LPC_FL_Southwest_B_2018_LAS_2019,2019.0,2018.0,2018-05-08,2018-10-29,confirmed_by_gpstime
USGS_LPC_FL_Southwest_B_TL_2018_LAS_2019,2019.0,2018.0,2018-05-08,2019-03-01,confirmed_by_gpstime
USGS_LPC_FL_SuwanneeRiver_2017_LAS_2018,2018.0,2017.0,2017-01-14,2017-02-10,confirmed_by_gpstime
USGS_LPC_FL_Suwannee_NCentral_2014_LAS_2016,2016.0,2014.0,2014-02-19,2014-03-01,gpstime_unavailable
USGS_LPC_FL_Upper_Saint_Johns_2017_LAS_2019,2019.0,2018.0,2018-03-22,2018-06-13,confirmed_by_gpstime
USGS_LPC_GA_Georgia_A1_2016_LAS_2018,2018.0,2016.0,2016-03-11,2017-02-10,confirmed_by_gpstime
USGS_LPC_GA_Georgia_A2_2016_LAS_2018,2018.0,2016.0,2016-02-28,2017-02-10,confirmed_by_gpstime
USGS_LPC_GA_Georgia_A3_2016_LAS_2018,2018.0,2016.0,2016-02-28,2017-02-10,confirmed_by_gpstime
USGS_LPC_HI_Oahu_2012_LAS_2015,2015.0,2013.0,2013-06-01,2013-08-09,confirmed_by_gpstime
USGS_LPC_ID_Clearwater_d1_2010_LAS_2015,2015.0,2010.0,2010-09-27,2010-09-29,gpstime_unavailable
USGS_LPC_ID_FEMAHQ_2018_LAS_2019,2019.0,2018.0,2018-04-26,2018-08-08,confirmed_by_gpstime
USGS_LPC_ID_Franklin_Bear_2017_LAS_2018,2018.0,2017.0,2017-10-13,2017-11-08,confirmed_by_gpstime
USGS_LPC_ID_MoscowMountain_2003_LAS_2015,2015.0,2003.0,2003-08-13,2003-08-14,gpstime_unavailable
USGS_LPC_ID_NezPerce_QL1_2016_LAS_2019,2019.0,2016.0,2016-10-29,2016-11-13,confirmed_by_gpstime
USGS_LPC_ID_NezPerce_QL2_2016_LAS_2019,2019.0,2016.0,2016-10-29,2016-11-13,confirmed_by_gpstime
USGS_LPC_ID_Nez_Perce_QL1_TL_2016_LAS_2019,2019.0,2016.0,2016-10-29,2016-11-13,confirmed_by_gpstime
USGS_LPC_ID_Nez_Perce_QL2_TL_2016_LAS_2019,2019.0,2016.0,2016-10-29,2016-11-13,confirmed_by_gpstime
USGS_LPC_ID_Payette_NF_QL2_2017_LAS_2018,2018.0,2017.0,2017-09-09,2017-10-14,confirmed_by_gpstime
USGS_LPC_ID_SaintJoe_2003_LAS_2015,2015.0,2003.0,2003-07-23,2003-09-22,gpstime_unavailable
USGS_LPC_ID_SlateLolo_2006_LAS_2015,2015.0,2006.0,2006-09-29,2006-10-03,gpstime_unavailable
USGS_LPC_IL_12County_KaneCo_2008_LAS_2015,2015.0,2008.0,2008-04-16,2008-04-16,gpstime_unavailable
USGS_LPC_IL_12_County_CarollCo_2009_LAS_2015,2015.0,2009.0,2009-03-20,2009-03-20,gpstime_unavailable
USGS_LPC_IL_12_County_ChampaignCo_2008_LAS_2016,2016.0,2008.0,2008-04-16,2008-04-16,gpstime_unavailable
USGS_LPC_IL_12_County_GrundyCo_2008_LAS_2016,2016.0,2008.0,2008-04-16,2008-04-16,gpstime_unavailable
USGS_LPC_IL_12_County_HenryCo_2009_LAS_2016,2016.0,2009.0,2009-05-12,2009-05-12,gpstime_unavailable
USGS_LPC_IL_12_County_OgleCo_2008_LAS_2015,2015.0,2009.0,2009-03-20,2009-03-20,gpstime_unavailable
USGS_LPC_IL_12_County_Stephenson_Co_2009_LAS_2016,2016.0,2009.0,2009-03-20,2009-03-20,gpstime_unavailable
USGS_LPC_IL_4County_Cook_2017_LAS_2019,2019.0,2017.0,2017-04-16,2017-05-07,confirmed_by_gpstime
USGS_LPC_IL_4County_Kane_2018_LAS_2019,2019.0,2017.0,2017-04-16,2017-05-07,confirmed_by_gpstime
USGS_LPC_IL_4County_Lake_2016_LAS_2019,2019.0,2017.0,2017-04-16,2017-05-07,confirmed_by_gpstime
USGS_LPC_IL_4County_McHenry_2018_LAS_2019,2019.0,2017.0,2017-04-18,2017-04-25,confirmed_by_gpstime
USGS_LPC_IL_5County_KankakeeCo_2014_LAS_2016,2016.0,2014.0,2014-04-12,2014-04-19,confirmed_by_gpstime
USGS_LPC_IL_5County_WillCo_2014_LAS_2016,2016.0,2014.0,2014-04-05,2014-04-19,confirmed_by_gpstime
USGS_LPC_IL_5county_MarionCo_2015_LAS_2016,2016.0,2015.0,2015-01-24,2015-02-06,confirmed_by_gpstime
USGS_LPC_IL_BondCo_2015_LAS_2016,2016.0,2015.0,2015-01-01,2015-01-20,confirmed_by_gpstime
USGS_LPC_IL_Boone_2018,2018.0,2011.0,2011-09-23,2018-04-28,confirmed_by_gpstime
USGS_LPC_IL_BureauCo_2015_LAS_2017,2017.0,2015.0,2015-12-04,2015-12-09,confirmed_by_gpstime
USGS_LPC_IL_ChristianCo_2014_LAS_2016,2016.0,2014.0,2014-12-03,2015-03-16,confirmed_by_gpstime
USGS_LPC_IL_ClintonCo_2015_LAS_2016,2016.0,2015.0,2015-01-01,2015-03-15,confirmed_by_gpstime
USGS_LPC_IL_DOT_District5_DewittCo_2012_LAS_2017,2017.0,2012.0,2012-02-17,2012-11-16,confirmed_by_gpstime
USGS_LPC_IL_DOT_District5_EdgarCo_2012_LAS_2017,2017.0,2012.0,2012-02-17,2012-11-16,confirmed_by_gpstime
USGS_LPC_IL_DOT_District5_McleanCo_2012_LAS_2017,2017.0,2012.0,2012-02-17,2012-11-16,confirmed_by_gpstime
USGS_LPC_IL_DOT_District5_PiattCo_2012_LAS_2017,2017.0,2012.0,2012-02-17,2012-11-16,confirmed_by_gpstime
USGS_LPC_IL_DOT_District5_VermilionCo_2012_LAS_2017,2017.0,2012.0,2012-02-17,2012-11-16,confirmed_by_gpstime
USGS_LPC_IL_DOT_District_7_LiDAR_LAS_2017,2017.0,2012.0,2012-02-17,2012-11-16,gpstime_unavailable
USGS_LPC_IL_District4_Fulton_2014_LAS_2018,2018.0,2011.0,2011-04-05,2012-02-12,confirmed_by_gpstime
USGS_LPC_IL_District4_Henderson_2014_LAS_2016,2016.0,2011.0,2011-04-05,2012-02-12,confirmed_by_gpstime
USGS_LPC_IL_District4_Knox_2014_LAS_2017,2017.0,2011.0,2011-04-05,2012-02-12,confirmed_by_gpstime
USGS_LPC_IL_District4_Marshal_2014_LAS_2016,2016.0,2011.0,2011-04-05,2012-02-12,confirmed_by_gpstime
USGS_LPC_IL_District4_Mercer_2014_LAS_2016,2016.0,2011.0,2011-04-05,2012-02-12,confirmed_by_gpstime
USGS_LPC_IL_District4_Peoria_2014_LAS_2016,2016.0,2011.0,2011-04-05,2012-02-12,confirmed_by_gpstime
USGS_LPC_IL_District4_Putnam_2014_LAS_2017,2017.0,2011.0,2011-04-05,2012-02-12,confirmed_by_gpstime
USGS_LPC_IL_District4_Stark_2014_LAS_2018,2018.0,2011.0,2011-04-05,2012-02-12,confirmed_by_gpstime
USGS_LPC_IL_District4_Tazewell_2014_LAS_2016,2016.0,2011.0,2011-04-05,2012-02-12,confirmed_by_gpstime
USGS_LPC_IL_District4_Woodford_2014_LAS_2016,2016.0,2011.0,2011-04-05,2012-02-12,confirmed_by_gpstime
USGS_LPC_IL_District5_DouglasCo_2012_LAS_2018,2018.0,2012.0,2012-02-17,2012-11-16,confirmed_by_gpstime
USGS_LPC_IL_District7_Clark_2014_LAS_2017,2017.0,2010.0,2010-12-07,2011-04-14,gpstime_unavailable
USGS_LPC_IL_District7_Crawford_2014_LAS_2017,2017.0,2010.0,2010-12-07,2011-04-14,gpstime_unavailable
USGS_LPC_IL_District7_Cumberland_2014_LAS_2017,2017.0,2010.0,2010-12-07,2011-04-14,gpstime_unavailable
USGS_LPC_IL_District7_Edwards_2014_LAS_2017,2017.0,2012.0,2012-02-17,2012-11-16,gpstime_unavailable
USGS_LPC_IL_District7_Effingham_2014_LAS_2017,2017.0,2010.0,2010-12-07,2011-04-14,gpstime_unavailable
USGS_LPC_IL_District7_Fayette_2014_LAS_2017,2017.0,2010.0,2010-12-07,2011-04-14,gpstime_unavailable
USGS_LPC_IL_District7_Macon_2014_LAS_2017,2017.0,2012.0,2012-02-17,2012-11-16,gpstime_unavailable
USGS_LPC_IL_District7_Moultrie_2014_LAS_2018,2018.0,2012.0,2012-02-17,2012-11-16,gpstime_unavailable
USGS_LPC_IL_District7_Richland_2014_LAS_2017,2017.0,2010.0,2010-12-07,2011-04-14,gpstime_unavailable
USGS_LPC_IL_District7_Shelby_2014_LAS_2017,2017.0,2012.0,2012-02-17,2012-11-16,gpstime_unavailable
USGS_LPC_IL_District7_Wabash_2014_LAS_2017,2017.0,2012.0,2012-02-17,2012-11-16,gpstime_unavailable
USGS_LPC_IL_District7_Wayne_2014_LAS_2018,2018.0,2012.0,2012-02-17,2012-11-16,gpstime_unavailable
USGS_LPC_IL_FordIroquoisLivingston_L3_2014_LAS_2017,2017.0,2015.0,2015-04-27,2015-06-07,confirmed_by_gpstime
USGS_LPC_IL_FranklinCo_2014_LAS_2018,2018.0,2014.0,2014-04-02,2014-04-30,confirmed_by_gpstime
USGS_LPC_IL_GrnMacMont_2017_LAS_2018,2018.0,2017.0,2017-04-07,2017-04-24,confirmed_by_gpstime
USGS_LPC_IL_HancockCo_2017_LAS_2018,2018.0,2017.0,2017-03-15,2017-07-07,confirmed_by_gpstime
USGS_LPC_IL_Hardin_2014_LAS_2017,2017.0,2014.0,2014-03-20,2014-03-21,confirmed_by_gpstime
USGS_LPC_IL_JacksonCo_2015_LAS_2018,2018.0,2014.0,2014-04-02,2014-04-30,confirmed_by_gpstime
USGS_LPC_IL_Jasper_2014_LAS_2017,2017.0,2010.0,2010-12-07,2011-04-14,gpstime_unavailable
USGS_LPC_IL_JeffersonCo_2015_LAS_2016,2016.0,2015.0,2015-01-24,2016-02-06,confirmed_by_gpstime
USGS_LPC_IL_JoDaviessCo_2008_LAS_2015,2015.0,2009.0,2009-03-20,2009-03-20,gpstime_unavailable
USGS_LPC_IL_LaSalle_B1_2017_LAS_2019,2019.0,2017.0,2017-11-19,2018-04-12,confirmed_by_gpstime
USGS_LPC_IL_LaSalle_B2_2017_LAS_2019,2019.0,2017.0,2017-11-19,2018-04-12,confirmed_by_gpstime
USGS_LPC_IL_LeeCo_2008_LAS_2015,2015.0,2009.0,2009-03-20,2009-03-20,gpstime_unavailable
USGS_LPC_IL_LoganCo_2013_LAS_2015,2015.0,2013.0,2013-11-23,2013-11-30,confirmed_by_gpstime
USGS_LPC_IL_MadisonCo_2014_LAS_2016,2016.0,2014.0,2014-03-23,2014-03-31,confirmed_by_gpstime
USGS_LPC_IL_PerryCo_2015_LAS_2019,2019.0,2014.0,2014-04-02,2014-04-30,confirmed_by_gpstime
USGS_LPC_IL_Pike_ScottCo_2015_LAS_2017,2017.0,2015.0,2015-04-26,2015-05-14,conflict_wesm_vs_gpstime
USGS_LPC_IL_Pope_2014_LAS_2017,2017.0,2014.0,2014-03-20,2014-03-21,confirmed_by_gpstime
USGS_LPC_IL_Twelve_Counties_McHenry_LAS_2016,2016.0,2008.0,2008-04-16,2008-04-16,gpstime_unavailable
USGS_LPC_IL_WashingtonCo_2015_LAS_2016,2016.0,2015.0,2015-01-01,2015-03-15,confirmed_by_gpstime
USGS_LPC_IL_WestCentral_2017_LAS_2019,2019.0,2017.0,2017-12-03,2017-12-13,confirmed_by_gpstime
USGS_LPC_IL_WhitesideCO_2009_LAS_2015,2015.0,2009.0,2009-03-20,2009-03-20,gpstime_unavailable
USGS_LPC_IN_Central_Hamilton_2017_LAS_2019,2019.0,2016.0,2016-03-21,2016-03-22,confirmed_by_gpstime
USGS_LPC_IN_Central_MarionCo_2016_LAS_2018,2018.0,2016.0,2016-03-11,2016-03-18,confirmed_by_gpstime
USGS_LPC_IN_Central_Wayne_2016_LAS_2019,2019.0,2017.0,2017-03-05,2017-04-09,confirmed_by_gpstime
USGS_LPC_IN_ET_B5_Allen_2012__LAS_2016,2016.0,2012.0,2012-01-31,2012-04-02,conflict_wesm_vs_gpstime
USGS_LPC_IN_ET_B5_Dekalb_2012_LAS_2016,2016.0,2012.0,2012-01-31,2012-04-02,conflict_wesm_vs_gpstime
USGS_LPC_IN_ET_B5_LaGrange_2012_LAS_2016,2016.0,2012.0,2012-01-31,2012-04-02,confirmed_by_gpstime
USGS_LPC_IN_ET_B5_Noble_2012__LAS_2016,2016.0,2012.0,2012-01-31,2012-04-02,conflict_wesm_vs_gpstime
USGS_LPC_IN_ET_B5_Steuben_2012_LAS_2016,2016.0,2012.0,2012-01-31,2012-04-02,conflict_wesm_vs_gpstime
USGS_LPC_IN_ET_B5_Whitley_2012__LAS_2016,2016.0,2012.0,2012-01-31,2012-04-02,confirmed_by_gpstime
USGS_LPC_IN_ET_B6_Adams_2012_LAS_2016,2016.0,2012.0,2012-03-13,2012-03-28,confirmed_by_gpstime
USGS_LPC_IN_ET_B6_Blackford_2012_LAS_2016,2016.0,2012.0,2012-03-13,2012-03-28,confirmed_by_gpstime
USGS_LPC_IN_ET_B6_Delaware_2012_LAS_2017,2017.0,2012.0,2012-01-31,2012-04-02,conflict_wesm_vs_gpstime
USGS_LPC_IN_ET_B6_Grant_2012_LAS_2016,2016.0,2012.0,2012-03-13,2012-03-28,confirmed_by_gpstime
USGS_LPC_IN_ET_B6_Hamilton_2012_LAS_2017,2017.0,2012.0,2012-01-31,2012-04-02,confirmed_by_gpstime
USGS_LPC_IN_ET_B6_Huntington_2012_LAS_2016,2016.0,2012.0,2012-03-13,2012-03-28,confirmed_by_gpstime
USGS_LPC_IN_ET_B6_Jay_2012_LAS_2016,2016.0,2012.0,2012-03-13,2012-03-28,confirmed_by_gpstime
USGS_LPC_IN_ET_B6_Madison_2012_LAS_2017,2017.0,2012.0,2012-01-31,2012-04-04,conflict_wesm_vs_gpstime
USGS_LPC_IN_ET_B6_Randolph_2012_LAS_2017,2017.0,2012.0,2012-01-31,2012-04-04,confirmed_by_gpstime
USGS_LPC_IN_ET_B7_Decatur_2012_LAS_2016,2016.0,2012.0,2012-03-03,2012-12-12,confirmed_by_gpstime
USGS_LPC_IN_ET_B7_Fayette_2012_LAS_2016,2016.0,2012.0,2012-03-03,2012-12-12,confirmed_by_gpstime
USGS_LPC_IN_ET_B7_Franklin_2012_LAS_2016,2016.0,2012.0,2012-03-03,2012-12-12,confirmed_by_gpstime
USGS_LPC_IN_ET_B7_Hancock_2012_LAS_2016,2016.0,2012.0,2012-03-03,2012-12-12,conflict_wesm_vs_gpstime
USGS_LPC_IN_ET_B7_Henry_2012_LAS_2016,2016.0,2012.0,2012-01-31,2012-04-02,confirmed_by_gpstime
USGS_LPC_IN_ET_B7_Rush_2012_LAS_2016,2016.0,2012.0,2012-03-03,2012-12-12,confirmed_by_gpstime
USGS_LPC_IN_ET_B7_Shelby_2012_LAS_2016,2016.0,2012.0,2012-01-31,2012-04-02,conflict_wesm_vs_gpstime
USGS_LPC_IN_ET_B7_Union_2012_LAS_2016,2016.0,2012.0,2012-01-31,2012-04-02,confirmed_by_gpstime
USGS_LPC_IN_ET_B8_Clark_2012_LAS_2016,2016.0,2012.0,2012-01-31,2012-04-02,confirmed_by_gpstime
USGS_LPC_IN_ET_B8_Dearborn_2012_LAS_2016,2016.0,2012.0,2012-01-31,2012-04-02,confirmed_by_gpstime
USGS_LPC_IN_ET_B8_Floyd_2011_LAS_2016,2016.0,2012.0,2012-01-31,2012-04-02,confirmed_by_gpstime
USGS_LPC_IN_ET_B8_Jefferson_2012_LAS_2016,2016.0,2012.0,2012-01-31,2012-04-02,confirmed_by_gpstime
USGS_LPC_IN_ET_B8_Jennings_2012_LAS_2016,2016.0,2012.0,2012-01-31,2012-04-02,confirmed_by_gpstime
USGS_LPC_IN_ET_B8_Ohio_2012_LAS_2016,2016.0,2012.0,2012-01-31,2012-04-02,confirmed_by_gpstime
USGS_LPC_IN_ET_B8_RipleyCo_2012_LAS_2016,2016.0,2012.0,2012-01-31,2012-04-02,confirmed_by_gpstime
USGS_LPC_IN_ET_B8_Scott_2012_LAS_2016,2016.0,2012.0,2012-01-31,2012-04-02,confirmed_by_gpstime
USGS_LPC_IN_ET_B8_Switzerland_2012_LAS_2016,2016.0,2012.0,2012-01-31,2012-04-02,confirmed_by_gpstime
USGS_LPC_IN_HendricksCo_2011_LAS_2015,2015.0,2011.0,2011-03-13,2011-04-30,gpstime_unavailable
USGS_LPC_IN_JohnsonCo_2011_LAS_2016,2016.0,2011.0,2011-03-13,2011-04-30,gpstime_unavailable
USGS_LPC_IN_MarionCo_2011_LAS_2016,2016.0,2011.0,2011-03-13,2011-04-30,gpstime_unavailable
USGS_LPC_IN_Monroe_2011_LAS_2016,2016.0,2011.0,2011-02-03,2011-04-30,gpstime_unavailable
USGS_LPC_IN_Morgan_2011_LAS_2016,2016.0,2011.0,2011-03-13,2011-04-20,gpstime_unavailable
USGS_LPC_IN_WT_B10_Benton_2013_LAS_2016,2016.0,2013.0,2013-02-14,2013-04-14,confirmed_by_gpstime
USGS_LPC_IN_WT_B10_Fountain_2013_LAS_2016,2016.0,2013.0,2013-03-14,2013-04-14,confirmed_by_gpstime
USGS_LPC_IN_WT_B10_Montgomery_2013_LAS_2016,2016.0,2013.0,2013-02-14,2013-04-14,confirmed_by_gpstime
USGS_LPC_IN_WT_B10_Tippecanoe_2013_LAS_2016,2016.0,2013.0,2013-03-14,2013-04-14,confirmed_by_gpstime
USGS_LPC_IN_WT_B10_Warren_2013_LAS_2016,2016.0,2013.0,2013-02-14,2013-04-14,confirmed_by_gpstime
USGS_LPC_IN_WT_B10_White_2013_LAS_2016,2016.0,2013.0,2013-03-14,2013-04-14,confirmed_by_gpstime
USGS_LPC_IN_WT_B11_Clay_2013_LAS_2016,2016.0,2013.0,2013-03-14,2013-04-14,confirmed_by_gpstime
USGS_LPC_IN_WT_B11_Greene_2013_LAS_2016,2016.0,2013.0,2013-03-14,2013-04-14,confirmed_by_gpstime
USGS_LPC_IN_WT_B11_Owen_2013_LAS_2016,2016.0,2013.0,2013-03-14,2013-04-14,confirmed_by_gpstime
USGS_LPC_IN_WT_B11_Parke_2013_LAS_2016,2016.0,2013.0,2013-02-14,2013-04-14,confirmed_by_gpstime
USGS_LPC_IN_WT_B11_Putnam_2013_LAS_2016,2016.0,2013.0,2013-02-14,2013-04-14,confirmed_by_gpstime
USGS_LPC_IN_WT_B11_Sullivan_2013_LAS_2016,2016.0,2013.0,2013-02-14,2013-04-14,confirmed_by_gpstime
USGS_LPC_IN_WT_B11_Vermillion_2013_LAS_2016,2016.0,2013.0,2013-03-14,2013-04-14,confirmed_by_gpstime
USGS_LPC_IN_WT_B11_Vigo_2013_LAS_2016,2016.0,2013.0,2013-02-14,2013-04-14,conflict_wesm_vs_gpstime
USGS_LPC_IN_WT_B12_Daviess_2013_LAS_2016,2016.0,2013.0,2013-03-13,2013-04-12,confirmed_by_gpstime
USGS_LPC_IN_WT_B12_Dubois_2013_LAS_2016,2016.0,2013.0,2013-02-14,2013-04-14,confirmed_by_gpstime
USGS_LPC_IN_WT_B12_Gibson_2013_LAS_2016,2016.0,2013.0,2013-02-14,2013-04-14,confirmed_by_gpstime
USGS_LPC_IN_WT_B12_Knox_2013_LAS_2016,2016.0,2013.0,2013-02-14,2013-04-14,confirmed_by_gpstime
USGS_LPC_IN_WT_B12_Martin_2013_LAS_2016,2016.0,2013.0,2013-02-14,2013-04-14,confirmed_by_gpstime
USGS_LPC_IN_WT_B12_Perry_2013_LAS_2016,2016.0,2013.0,2013-02-14,2013-04-14,confirmed_by_gpstime
USGS_LPC_IN_WT_B12_Pike_2013_LAS_2016,2016.0,2013.0,2013-03-13,2013-04-12,confirmed_by_gpstime
USGS_LPC_IN_WT_B12_Posey_2013_LAS_2016,2016.0,2013.0,2013-02-14,2013-04-14,conflict_wesm_vs_gpstime
USGS_LPC_IN_WT_B12_Spencer_2013_LAS_2016,2016.0,2013.0,2013-03-13,2013-04-12,confirmed_by_gpstime
USGS_LPC_IN_WT_B12_Vanderburgh_2013_LAS_2016,2016.0,2013.0,2013-03-13,2013-04-12,confirmed_by_gpstime
USGS_LPC_IN_WT_B12_Warrick_2013_LAS_2016,2016.0,2013.0,2013-03-13,2013-04-12,confirmed_by_gpstime
USGS_LPC_IN_WT_B9_Jasper_2013_LAS_2016,2016.0,2013.0,2013-02-14,2013-04-14,confirmed_by_gpstime
USGS_LPC_IN_WT_B9_Lake_2013_LAS_2016,2016.0,2013.0,2013-02-14,2013-04-14,confirmed_by_gpstime
USGS_LPC_IN_WT_B9_Laporte_2013_LAS_2016,2016.0,2013.0,2013-02-14,2013-04-14,confirmed_by_gpstime
USGS_LPC_IN_WT_B9_Newton_2013_LAS_2016,2016.0,2013.0,2013-02-14,2013-04-14,confirmed_by_gpstime
USGS_LPC_IN_WT_B9_Porter_2013_LAS_2016,2016.0,2013.0,2013-02-14,2013-04-14,confirmed_by_gpstime
USGS_LPC_Il_12Counties_Rock_IslandCo_LAS_2016,2016.0,2009.0,2009-05-12,2009-05-12,gpstime_unavailable
USGS_LPC_KS_15CoNorth_A1_2015_LAS_2017,2017.0,2015.0,2015-12-21,2016-01-26,confirmed_by_gpstime
USGS_LPC_KS_15CoNorth_A2_2015_LAS_2017,2017.0,2015.0,2015-12-21,2016-01-26,confirmed_by_gpstime
USGS_LPC_KS_15CoNorth_A3_2015_LAS_2017,2017.0,2015.0,2015-12-21,2016-01-26,confirmed_by_gpstime
USGS_LPC_KS_15Co_Cheney_2015_LAS_2017,2017.0,2016.0,2016-01-22,2016-02-10,confirmed_by_gpstime
USGS_LPC_KS_15Co_South_2015_LAS_2017,2017.0,2015.0,2015-11-20,2015-11-24,confirmed_by_gpstime
USGS_LPC_KS_Area1_2014_LAS_2015,2015.0,2013.0,2013-12-12,2014-01-22,confirmed_by_gpstime
USGS_LPC_KS_Area1_Eastern_2011_LAS_2016,2016.0,2012.0,2012-01-15,2012-11-24,gpstime_only
USGS_LPC_KS_Area2_2014_LAS_2015,2015.0,2013.0,2013-12-12,2014-01-22,confirmed_by_gpstime
USGS_LPC_KS_Area2_B1_2012_LAS_2016,2016.0,2012.0,2012-01-07,2012-01-10,confirmed_by_gpstime
USGS_LPC_KS_Area2_B2_2012_LAS_2016,2016.0,2012.0,2012-02-25,2012-02-26,confirmed_by_gpstime
USGS_LPC_KS_Area2_B3_2012_LAS_2016,2016.0,2012.0,2012-02-29,2012-03-01,confirmed_by_gpstime
USGS_LPC_KS_Area2_B4_2012_LAS_2016,2016.0,2012.0,2012-02-27,2012-02-29,confirmed_by_gpstime
USGS_LPC_KS_Area2_B5_2012_LAS_2016,2016.0,2012.0,2012-01-04,2012-01-06,confirmed_by_gpstime
USGS_LPC_KS_Area2_B6_2012_LAS_2016,2016.0,2012.0,2012-01-02,2012-01-04,confirmed_by_gpstime
USGS_LPC_KS_Lidar_1_B1_2013_LAS_2016,2016.0,2012.0,2012-12-11,2012-12-21,confirmed_by_gpstime
USGS_LPC_KS_Lidar_1_B2_2013_LAS_2016,2016.0,2012.0,2012-12-11,2012-12-21,confirmed_by_gpstime
USGS_LPC_KS_Lidar_1_B3_2013_LAS_2016,2016.0,2012.0,2012-12-11,2012-12-21,confirmed_by_gpstime
USGS_LPC_KS_Lidar_1_B4_2013_LAS_2016,2016.0,2012.0,2012-12-11,2012-12-21,confirmed_by_gpstime
USGS_LPC_KS_Lidar_1_B5_2013_LAS_2016,2016.0,2012.0,2012-12-11,2012-12-21,confirmed_by_gpstime
USGS_LPC_KS_Lidar_1_B6_2013_LAS_2016,2016.0,2012.0,2012-12-11,2012-12-21,confirmed_by_gpstime
USGS_LPC_KS_NF_Nin_Sub_2011_LAS_2016,2016.0,2010.0,2010-11-15,2010-12-03,gpstime_unavailable
USGS_LPC_KS_SCentral_L1_2015_LAS_2017,2017.0,2015.0,2015-02-24,2015-03-06,confirmed_by_gpstime
USGS_LPC_KS_SCentral_L2_2015_LAS_2017,2017.0,2015.0,2015-03-07,2015-03-07,confirmed_by_gpstime
USGS_LPC_KS_SCentral_L3_2015_LAS_2017,2017.0,2015.0,2015-03-08,2015-03-15,confirmed_by_gpstime
USGS_LPC_KS_SCentral_L4_2015_LAS_2017,2017.0,2014.0,2014-11-29,2015-03-15,confirmed_by_gpstime
USGS_LPC_KY_KYAPED_Area2_2012_LAS_2017,2017.0,2011.0,2011-11-11,2013-01-19,confirmed_by_gpstime
USGS_LPC_KY_NRCS_Watersheds_2011_LAS_2016,2016.0,2011.0,2011-01-03,2012-04-10,gpstime_unavailable
USGS_LPC_LA_Amite_2018_LAS_2019,2019.0,2018.0,2018-03-01,2018-04-12,confirmed_by_gpstime
USGS_LPC_LA_Barataria_2013_LAS_2015,2015.0,2013.0,2013-03-05,2013-03-08,gpstime_unavailable
USGS_LPC_LA_Chenier_Plain_2017_LAS_2018,2018.0,2017.0,2017-01-08,2017-06-21,confirmed_by_gpstime
USGS_LPC_LA_SoTerrebonne_GI_2015_LAS_2016,2016.0,2015.0,2015-01-18,2015-02-13,confirmed_by_gpstime
USGS_LPC_MA_ME_MA_QL1_UTM18_L1_2015_LAS_2018,2018.0,2015.0,2015-04-19,2015-12-05,confirmed_by_gpstime
USGS_LPC_MA_ME_MA_QL2_UTM18_L1_2015_LAS_2018,2018.0,2015.0,2015-04-19,2015-12-05,confirmed_by_gpstime
USGS_LPC_MA_ME_MA_QL2_UTM18_L2_2015_LAS_2018,2018.0,2015.0,2015-04-19,2015-12-05,confirmed_by_gpstime
USGS_LPC_MA_ME_MA_QL2_UTM19_L1_2015_LAS_2018,2018.0,2015.0,2015-04-16,2015-05-05,confirmed_by_gpstime
USGS_LPC_MA_NE_CMGP_Sandy_Z19_A2_2015_LAS_2017,2017.0,2013.0,2013-11-16,2014-12-31,confirmed_by_gpstime
USGS_LPC_MD_Garret_Co_2014_LAS_2017,2017.0,2015.0,2015-04-12,2015-05-04,confirmed_by_gpstime
USGS_LPC_MD_HurricaneJoaquin_2015_LAS_2019,2019.0,2015.0,2015-11-26,2015-11-26,confirmed_by_gpstime
USGS_LPC_MD_PA_SandySupp_2014_LAS_2016,2016.0,2014.0,2014-04-30,2015-10-31,confirmed_by_gpstime
USGS_LPC_MD_VA_Sandy_NCR_2014_LAS_2015,2015.0,2014.0,2014-04-10,2014-12-20,confirmed_by_gpstime
USGS_LPC_ME_NRCS_Lot4_2013_LAS_2015,2015.0,2013.0,2013-11-05,2013-12-04,confirmed_by_gpstime
USGS_LPC_ME_SouthernAreas_2012_LAS_2016,2016.0,2012.0,2012-04-18,2012-05-12,confirmed_by_gpstime
USGS_LPC_ME_Umbagog_2016_LAS_2019,2019.0,2017.0,2017-05-04,2017-05-21,confirmed_by_gpstime
USGS_LPC_MI_13Co_BerrienCO_2015_LAS_2017,2017.0,2015.0,2015-04-14,2015-06-01,confirmed_by_gpstime
USGS_LPC_MI_13Co_Delta_C16_2015_LAS_2018,2018.0,2015.0,2015-05-20,2015-05-29,gpstime_only
USGS_LPC_MI_13Co_Emmett_2015_LAS_2017,2017.0,2015.0,2015-05-01,2015-05-05,gpstime_only
USGS_LPC_MI_13Co_VanBurrenCo_2015_LAS_2017,2017.0,2014.0,2014-12-07,2014-12-23,confirmed_by_gpstime
USGS_LPC_MI_16Co_Clare_2015_LAS_2018,2018.0,2016.0,2016-04-16,2016-04-17,confirmed_by_gpstime
USGS_LPC_MI_16Co_Lapeer_2015_LAS_2018,2018.0,2015.0,2015-11-15,2015-11-17,confirmed_by_gpstime
USGS_LPC_MI_16Co_Mecosta_2015_LAS_2018,2018.0,2016.0,2016-04-23,2016-04-23,confirmed_by_gpstime
USGS_LPC_MI_16Co_Newaygo_2015_LAS_2018,2018.0,2016.0,2016-04-15,2016-04-16,confirmed_by_gpstime
USGS_LPC_MI_16Co_Osceola_2015_LAS_2018,2018.0,2016.0,2016-04-23,2016-05-02,confirmed_by_gpstime
USGS_LPC_MI_16Co_Roscommon_2015_LAS_2018,2018.0,2016.0,2016-05-02,2016-05-03,confirmed_by_gpstime
USGS_LPC_MI_16Co_Shiawassee_2015_LAS_2018,2018.0,2015.0,2015-11-11,2015-11-17,confirmed_by_gpstime
USGS_LPC_MI_16Co_StJoseph_2015_LAS_2018,2018.0,2015.0,2015-11-20,2016-04-16,confirmed_by_gpstime
USGS_LPC_MI_25County_AlleganCo_2015_LAS_2017,2017.0,2014.0,2014-12-07,2014-12-07,gpstime_only
USGS_LPC_MI_31Co_Arenac_2016_LAS_2019,2019.0,2016.0,2016-11-29,2017-11-24,confirmed_by_gpstime
USGS_LPC_MI_31Co_Arenac_TL_2016_LAS_2019,2019.0,2016.0,2016-11-29,2017-11-24,confirmed_by_gpstime
USGS_LPC_MI_31Co_Bay_2016_LAS_2019,2019.0,2015.0,2015-04-04,2015-04-17,confirmed_by_gpstime
USGS_LPC_MI_31Co_Chippewa_2017_LAS_2019,2019.0,2017.0,2017-05-04,2017-05-11,confirmed_by_gpstime
USGS_LPC_MI_31Co_Clinton_2017_LAS_2019,2019.0,2017.0,2017-11-29,2017-12-01,confirmed_by_gpstime
USGS_LPC_MI_31Co_Eaton_2016_LAS_2019,2019.0,2017.0,2017-12-01,2018-04-23,confirmed_by_gpstime
USGS_LPC_MI_31Co_Gladwin_2016_LAS_2019,2019.0,2016.0,2016-11-29,2017-11-24,confirmed_by_gpstime
USGS_LPC_MI_31Co_Hillsdale_2016_LAS_2019,2019.0,2017.0,2017-03-23,2017-04-23,confirmed_by_gpstime
USGS_LPC_MI_31Co_Huron_2016_LAS_2019,2019.0,2016.0,2016-11-29,2017-11-24,confirmed_by_gpstime
USGS_LPC_MI_31Co_Ingham_2017_LAS_2019,2019.0,2017.0,2017-05-02,2018-11-20,confirmed_by_gpstime
USGS_LPC_MI_31Co_Ionia_2016_LAS_2019,2019.0,2017.0,2017-11-29,2017-12-01,confirmed_by_gpstime
USGS_LPC_MI_31Co_Iosco_2016_LAS_2019,2019.0,2016.0,2016-11-11,2016-11-14,confirmed_by_gpstime
USGS_LPC_MI_31Co_Isabella_2016_LAS_2019,2019.0,2017.0,2017-04-17,2017-04-18,confirmed_by_gpstime
USGS_LPC_MI_31Co_Isabella_TL_2016_LAS_2019,2019.0,2017.0,2017-04-17,2017-04-18,confirmed_by_gpstime
USGS_LPC_MI_31Co_Jackson_2016_LAS_2019,2019.0,2017.0,2017-04-17,2017-04-24,confirmed_by_gpstime
USGS_LPC_MI_31Co_Kent_2016_LAS_2019,2019.0,2017.0,2017-11-27,2018-05-02,confirmed_by_gpstime
USGS_LPC_MI_31Co_Lenawee_2017_LAS_2019,2019.0,2017.0,2017-03-23,2017-05-07,confirmed_by_gpstime
USGS_LPC_MI_31Co_Livingston_2018_LAS_2019,2019.0,2017.0,2017-12-02,2018-04-22,confirmed_by_gpstime
USGS_LPC_MI_31Co_Macomb_2016_LAS_2019,2019.0,2017.0,2017-03-29,2017-05-03,confirmed_by_gpstime
USGS_LPC_MI_31Co_Mason_2017_LAS_2018,2018.0,2017.0,2017-04-08,2017-04-08,confirmed_by_gpstime
USGS_LPC_MI_31Co_Midland_2016_LAS_2019,2019.0,2017.0,2017-04-16,2017-04-18,confirmed_by_gpstime
USGS_LPC_MI_31Co_Monroe_2016_LAS_2019,2019.0,2017.0,2017-03-24,2017-05-07,confirmed_by_gpstime
USGS_LPC_MI_31Co_Oakland_2016_LAS_2019,2019.0,2017.0,2017-03-29,2017-05-03,confirmed_by_gpstime
USGS_LPC_MI_31Co_Oceana_2016_LAS_2018,2018.0,2017.0,2017-04-08,2017-04-08,confirmed_by_gpstime
USGS_LPC_MI_31Co_Ottawa_2016_LAS_2019,2019.0,2017.0,2017-11-26,2018-02-05,confirmed_by_gpstime
USGS_LPC_MI_31Co_Saginaw_2016_LAS_2019,2019.0,2015.0,2015-03-24,2015-04-17,confirmed_by_gpstime
USGS_LPC_MI_31Co_Sanilac_2017_LAS_2019,2019.0,2017.0,2017-04-02,2017-04-24,confirmed_by_gpstime
USGS_LPC_MI_31Co_StClair_2016_LAS_2019,2019.0,2016.0,2016-11-29,2017-11-24,confirmed_by_gpstime
USGS_LPC_MI_31Co_Tuscola_2016_LAS_2019,2019.0,2016.0,2016-11-29,2017-05-03,confirmed_by_gpstime
USGS_LPC_MI_31Co_Washtenaw_2016_LAS_2019,2019.0,2017.0,2017-04-15,2017-04-24,confirmed_by_gpstime
USGS_LPC_MI_AlgerCo_2015_LAS_2017,2017.0,2015.0,2015-05-20,2015-05-30,confirmed_by_gpstime
USGS_LPC_MI_BenzieCo_2015_LAS_2017,2017.0,2015.0,2015-04-24,2015-04-30,confirmed_by_gpstime
USGS_LPC_MI_BranchCo_2017_LAS_2019,2019.0,2017.0,2017-03-22,2017-04-24,confirmed_by_gpstime
USGS_LPC_MI_CalhounCo_2017_LAS_2019,2019.0,2017.0,2017-04-18,2017-04-23,confirmed_by_gpstime
USGS_LPC_MI_Cass_2015_LAS_2018,2018.0,2015.0,2015-11-20,2016-04-16,confirmed_by_gpstime
USGS_LPC_MI_Charlevoix_2018_LAS_2019,2019.0,2018.0,2018-05-08,2018-05-10,confirmed_by_gpstime
USGS_LPC_MI_Charlevoix_Islands_2016_LAS_2019,2019.0,2015.0,2015-11-15,2016-03-06,confirmed_by_gpstime
USGS_LPC_MI_Charlevoix_TL_2018_LAS_2019,2019.0,2018.0,2018-05-08,2018-05-10,gpstime_only
USGS_LPC_MI_FEMAHQ_2018_LAS_2019,2019.0,2018.0,2018-05-12,2018-05-14,confirmed_by_gpstime
USGS_LPC_MI_GenesseeCo_2015_LAS_2018,2018.0,2015.0,2015-11-20,2016-04-17,confirmed_by_gpstime
USGS_LPC_MI_GrandTraverseCO_2015_LAS_2017,2017.0,2015.0,2015-04-17,2015-04-24,confirmed_by_gpstime
USGS_LPC_MI_HiawathaNF_QL1_2018_LAS_2019,2019.0,2018.0,2018-10-29,2019-05-30,confirmed_by_gpstime
USGS_LPC_MI_HiawathaNF_QL2_2018_LAS_2019,2019.0,2018.0,2018-11-01,2018-11-30,conflict_wesm_vs_gpstime
USGS_LPC_MI_Kalamazoo_2015_LAS_2018,2018.0,2015.0,2015-11-20,2015-11-29,confirmed_by_gpstime
USGS_LPC_MI_Lake_2016_LAS_2017,2017.0,2016.0,2016-04-23,2016-05-02,confirmed_by_gpstime
USGS_LPC_MI_LeelanauCo_2015_LAS_2017,2017.0,2014.0,2014-12-06,2014-12-23,conflict_wesm_vs_gpstime
USGS_LPC_MI_MackinacCo_2015_LAS_2018,2018.0,2015.0,2015-05-05,2015-05-16,confirmed_by_gpstime
USGS_LPC_MI_ManisteeCo_2015_LAS_2017,2017.0,2014.0,2014-12-06,2014-12-23,conflict_wesm_vs_gpstime
USGS_LPC_MI_Missaukee_2016_LAS_2017,2017.0,2016.0,2016-04-30,2016-05-02,confirmed_by_gpstime
USGS_LPC_MI_MuskeganCo_2013_LAS_2016,2016.0,2013.0,2013-04-22,2013-04-27,gpstime_only
USGS_LPC_MI_Muskegon_2015_LAS_2018,2018.0,2016.0,2016-04-14,2016-04-16,confirmed_by_gpstime
USGS_LPC_MI_Olga_Lake_Lot5_2016_LAS_2017,2017.0,2016.0,2016-06-17,2016-06-17,confirmed_by_gpstime
USGS_LPC_MI_Ottawa_NF_2017_LAS_2019,2019.0,2018.0,2018-05-15,2018-10-24,confirmed_by_gpstime
USGS_LPC_MI_Ottawa_NF_TL_2017_LAS_2019,2019.0,2018.0,2018-04-02,2018-04-30,confirmed_by_gpstime
USGS_LPC_MI_WayneCo_2017_LAS_2018,2018.0,2017.0,2017-04-15,2017-04-23,confirmed_by_gpstime
USGS_LPC_MI_Wexford_2016_LAS_2017,2017.0,2016.0,2016-04-29,2016-05-02,confirmed_by_gpstime
USGS_LPC_MN_Arrowhead_B1_2011_LAS_2016,2016.0,2011.0,2011-05-03,2011-06-02,gpstime_unavailable
USGS_LPC_MN_Arrowhead_B2_2011_LAS_2016,2016.0,2011.0,2011-05-03,2011-06-02,gpstime_unavailable
USGS_LPC_MN_Arrowhead_B3_2011_LAS_2016,2016.0,2011.0,2011-05-03,2011-06-02,confirmed_by_gpstime
USGS_LPC_MN_Arrowhead_B4_2011_LAS_2016,2016.0,2011.0,2011-05-03,2011-06-02,gpstime_unavailable
USGS_LPC_MN_Arrowhead_B5_2011_LAS_2016,2016.0,2011.0,2011-05-02,2011-06-03,gpstime_unavailable
USGS_LPC_MN_BlueEarth_2011_LAS_2016,2016.0,2011.0,2011-05-11,2011-05-15,gpstime_unavailable
USGS_LPC_MN_CentralLakes_Block1_2012_LAS_2016,2016.0,2012.0,2012-04-05,2012-04-28,confirmed_by_gpstime
USGS_LPC_MN_CentralLakes_Block2_2012_LAS_2016,2016.0,2012.0,2012-04-05,2012-04-28,confirmed_by_gpstime
USGS_LPC_MN_CentralLakes_Block3_2012_LAS_2016,2016.0,2012.0,2012-04-05,2012-04-28,confirmed_by_gpstime
USGS_LPC_MN_CentralLakes_Block4_2012_LAS_2016,2016.0,2012.0,2012-04-05,2012-04-28,confirmed_by_gpstime
USGS_LPC_MN_CentralLakes_Block5_2012_LAS_2016,2016.0,2012.0,2012-04-05,2012-04-28,confirmed_by_gpstime
USGS_LPC_MN_Phase1_BrownCO_2010_LAS_2016,2016.0,2010.0,2010-04-08,2010-11-19,gpstime_unavailable
USGS_LPC_MN_Phase1_DouglasCO_2010_LAS_2016,2016.0,2010.0,2010-04-08,2010-05-05,gpstime_unavailable
USGS_LPC_MN_Phase1_FairbaultCO_2010_LAS_2016,2016.0,2010.0,2010-04-08,2010-11-19,gpstime_unavailable
USGS_LPC_MN_Phase1_LacQuiParleCo_2010_LAS_2016,2016.0,2010.0,2010-04-08,2010-11-19,gpstime_unavailable
USGS_LPC_MN_Phase1_LeSueurCO_2010_LAS_2016,2016.0,2010.0,2010-04-08,2010-11-19,gpstime_unavailable
USGS_LPC_MN_Phase1_LincolnCo_2010_LAS_2016,2016.0,2010.0,2010-04-08,2016-11-19,gpstime_unavailable
USGS_LPC_MN_Phase1_LyonCO_2010_LAS_2016,2016.0,2010.0,2010-04-08,2010-11-10,gpstime_unavailable
USGS_LPC_MN_Phase1_MartinCO_2010_LAS_2016,2016.0,2010.0,2010-04-08,2010-11-19,gpstime_unavailable
USGS_LPC_MN_Phase1_NicolletCO_2010_LAS_2016,2016.0,2010.0,2010-04-08,2010-11-19,gpstime_unavailable
USGS_LPC_MN_Phase1_Nobles_2010_LAS_2016,2016.0,2010.0,2010-04-08,2010-11-10,gpstime_unavailable
USGS_LPC_MN_Phase1_PipestoneCO_2010_LAS_2016,2016.0,2010.0,2010-04-08,2010-11-19,gpstime_unavailable
USGS_LPC_MN_Phase1_PopeCO_2011_LAS_2016,2016.0,2010.0,2010-04-08,2010-11-19,gpstime_unavailable
USGS_LPC_MN_Phase1_RedwoodCO_2010_LAS_2016,2016.0,2010.0,2010-04-08,2010-05-05,gpstime_unavailable
USGS_LPC_MN_Phase1_WatonwanCO_2010_LAS_2016,2016.0,2010.0,2010-04-08,2010-11-19,gpstime_unavailable
USGS_LPC_MN_Phase1_YellowMedicineCO_2010_LAS_2016,2016.0,2010.0,2010-04-08,2010-11-19,gpstime_unavailable
USGS_LPC_MN_Phase4_Metro_D_2011_LAS_2016,2016.0,2011.0,2011-04-29,2011-05-08,gpstime_unavailable
USGS_LPC_MN_Phase4_Metro_Dakota_2011_LAS_2016,2016.0,2011.0,2011-11-12,2011-11-15,gpstime_unavailable
USGS_LPC_MN_Phase4_Metro_E_2011_LAS_2016,2016.0,2011.0,2011-04-25,2011-04-25,gpstime_unavailable
USGS_LPC_MN_Phase4_Metro_F_2011_LAS_2016,2016.0,2011.0,2011-11-11,2011-11-12,confirmed_by_gpstime
USGS_LPC_MN_Phase4_Metro_G_2011_LAS_2016,2016.0,2011.0,2011-04-25,2012-03-28,confirmed_by_gpstime
USGS_LPC_MN_Phase4_Metro_H_2011_LAS_2016,2016.0,2011.0,2011-11-12,2012-03-28,confirmed_by_gpstime
USGS_LPC_MN_Phase4_Metro_MapleGrove_2011_LAS_2016,2016.0,2011.0,2011-11-02,2011-11-15,gpstime_unavailable
USGS_LPC_MO_AR_Atchison_Holt_Andrew_2013_LAS_2016,2016.0,2013.0,2013-11-27,2013-12-15,confirmed_by_gpstime
USGS_LPC_MO_AR_CapeGirardeau_Stoddard_2013_LAS_2016,2016.0,2013.0,2013-12-26,2014-04-17,confirmed_by_gpstime
USGS_LPC_MO_AR_Clark_Lewis_2014_LAS_2016,2016.0,2014.0,2014-04-25,2014-04-26,confirmed_by_gpstime
USGS_LPC_MO_AR_CrittendenCross_UTM15_2014_LAS_2016,2016.0,2014.0,2014-03-13,2014-03-19,confirmed_by_gpstime
USGS_LPC_MO_AR_CrittendenCross_UTM16_2014_LAS_2016,2016.0,2014.0,2014-03-13,2014-03-19,confirmed_by_gpstime
USGS_LPC_MO_AR_Game_Fish_WMA_2014_LAS_2016,2016.0,2014.0,2014-02-18,2014-03-19,confirmed_by_gpstime
USGS_LPC_MO_AR_Knox_Shelby_2014_LAS_2016,2016.0,2014.0,2014-04-22,2014-04-26,confirmed_by_gpstime
USGS_LPC_MO_AR_Marion_Ralls_2013_LAS_2016,2016.0,2013.0,2013-12-12,2014-04-22,confirmed_by_gpstime
USGS_LPC_MO_AR_Mercer_Grundy_2014_LAS_2016,2016.0,2015.0,2015-01-23,2015-01-26,confirmed_by_gpstime
USGS_LPC_MO_AR_Miss_Laud_UTM15_2014_LAS_2016,2016.0,2014.0,2014-01-29,2014-01-30,conflict_wesm_vs_gpstime
USGS_LPC_MO_AR_Miss_Laud_UTM16_2014_LAS_2016,2016.0,2014.0,2014-01-29,2014-01-30,confirmed_by_gpstime
USGS_LPC_MO_AR_Miss_Stoddard_UTM15_2014_LAS_2016,2016.0,2014.0,2014-02-21,2015-02-14,confirmed_by_gpstime
USGS_LPC_MO_AR_Miss_Stoddard_UTM16_2014_LAS_2016,2016.0,2014.0,2014-02-21,2015-02-14,confirmed_by_gpstime
USGS_LPC_MO_AR_Monroe_Lee_Phillips_2014_LAS_2016,2016.0,2014.0,2014-03-26,2015-03-23,confirmed_by_gpstime
USGS_LPC_MO_AR_NewMadrid_Pemiscot_2014_LAS_2016,2016.0,2014.0,2014-02-24,2014-03-26,confirmed_by_gpstime
USGS_LPC_MO_AR_Nodaway_2013_LAS_2016,2016.0,2013.0,2013-12-02,2014-04-11,confirmed_by_gpstime
USGS_LPC_MO_AR_PhillipsDesha_2014_LAS_2016,2016.0,2014.0,2014-03-07,2014-03-24,confirmed_by_gpstime
USGS_LPC_MO_AR_Pike_2014_LAS_2016,2016.0,2013.0,2013-12-10,2013-12-12,confirmed_by_gpstime
USGS_LPC_MO_AR_Po_Cr_Gr_2014_LAS_2016,2016.0,2014.0,2014-03-19,2014-03-21,confirmed_by_gpstime
USGS_LPC_MO_AR_Ray_2014_LAS_2016,2016.0,2014.0,2014-01-29,2014-01-29,confirmed_by_gpstime
USGS_LPC_MO_AR_Schuyler_Scott_2014_LAS_2016,2016.0,2014.0,2014-04-26,2016-07-12,confirmed_by_gpstime
USGS_LPC_MO_AR_ShannonCo_2014_LAS_2016,2016.0,2014.0,2014-01-22,2014-01-22,confirmed_by_gpstime
USGS_LPC_MO_AR_StFrancis_Lee_2014_LAS_2016,2016.0,2014.0,2014-03-19,2014-03-22,confirmed_by_gpstime
USGS_LPC_MO_AR_StGenevieveCo_2013_LAS_2016,2016.0,2013.0,2013-11-27,2014-12-29,confirmed_by_gpstime
USGS_LPC_MO_AR_Vernon_Barton_2014_LAS_2016,2016.0,2014.0,2014-01-19,2014-01-21,confirmed_by_gpstime
USGS_LPC_MO_BooneCo_2015_LAS_2017,2017.0,2015.0,2015-01-30,2015-03-12,confirmed_by_gpstime
USGS_LPC_MO_Buch_Deklb_ClntnCo_2013_LAS_2016,2016.0,2013.0,2013-12-17,2014-01-28,confirmed_by_gpstime
USGS_LPC_MO_FEMAR7_North_A1_2017_LAS_2019,2019.0,2017.0,2017-12-01,2018-04-24,confirmed_by_gpstime
USGS_LPC_MO_FEMAR7_North_A2_2017_LAS_2019,2019.0,2017.0,2017-12-01,2018-04-24,confirmed_by_gpstime
USGS_LPC_MO_FEMAR7_North_A3_2017_LAS_2019,2019.0,2017.0,2017-12-05,2018-01-06,confirmed_by_gpstime
USGS_LPC_MO_FEMAR7_North_A4_2017_LAS_2019,2019.0,2017.0,2017-12-01,2018-04-24,confirmed_by_gpstime
USGS_LPC_MO_FEMAR7_North_A5_QL1_2017_LAS_2019,2019.0,2017.0,2017-12-01,2018-04-24,confirmed_by_gpstime
USGS_LPC_MO_FEMA_R7_South_B1_2017_LAS_2019,2019.0,2017.0,2017-12-07,2017-12-16,confirmed_by_gpstime
USGS_LPC_MO_FEMA_R7_South_B2_2017_LAS_2019,2019.0,2017.0,2017-12-06,2018-01-02,confirmed_by_gpstime
USGS_LPC_MO_FEMA_R7_South_TL_2017_LAS_2019,2019.0,2017.0,2017-12-07,2017-12-16,confirmed_by_gpstime
USGS_LPC_MO_ForkSaltRiver_2011_LAS_2016,2016.0,2011.0,2011-12-10,2012-01-09,gpstime_unavailable
USGS_LPC_MO_StLouis_2017_LAS_2018,2018.0,2017.0,2017-02-17,2017-02-27,confirmed_by_gpstime
USGS_LPC_MS_Coastal_3DEPExt_Coastal_AOI_2015_LAS_2018,2018.0,2015.0,2015-01-28,2015-04-02,confirmed_by_gpstime
USGS_LPC_MS_Coastal_3DEP_Extension_UTM16_2015_LAS_2017,2017.0,2015.0,2015-01-28,2015-04-02,confirmed_by_gpstime
USGS_LPC_MS_Coastal_Z15_2015_LAS_2017,2017.0,2015.0,2015-01-28,2015-04-02,confirmed_by_gpstime
USGS_LPC_MS_Laurel_2014_LAS_2015,2015.0,2014.0,2014-01-07,2015-02-15,confirmed_by_gpstime
USGS_LPC_MS_Madison_Yazoo_2012_LAS_2016,2016.0,2012.0,2012-02-19,2012-02-24,gpstime_unavailable
USGS_LPC_MS_NatchezTrace_2016_LAS_2017,2017.0,2016.0,2016-01-16,2017-01-20,confirmed_by_gpstime
USGS_LPC_MS_RankinSimpson_2013_LAS_2016,2016.0,2013.0,2013-01-06,2013-02-01,confirmed_by_gpstime
USGS_LPC_MS_Tishomingo_North_2016_LAS_2017,2017.0,2016.0,2016-01-17,2016-02-11,confirmed_by_gpstime
USGS_LPC_MS_Tishomingo_South_2016_LAS_2017,2017.0,2016.0,2016-01-19,2016-02-04,confirmed_by_gpstime
USGS_LPC_MS_Tupelo_QL3_Rp_2012_LAS_2016,2016.0,2012.0,2012-02-07,2012-03-05,confirmed_by_gpstime
USGS_LPC_MS_Tupelo_UTM15_2015_LAS_2016,2016.0,2015.0,2015-01-30,2015-03-15,confirmed_by_gpstime
USGS_LPC_MS_Tupelo_UTM16_2015_LAS_2016,2016.0,2015.0,2015-01-30,2015-03-15,confirmed_by_gpstime
USGS_LPC_MT_BentonLake_2014_LAS_2015,2015.0,2014.0,2014-08-28,2014-08-28,confirmed_by_gpstime
USGS_LPC_MT_BitterrootNF_2010_LAS_2016,2016.0,2010.0,2010-06-24,2010-08-09,gpstime_unavailable
USGS_LPC_MT_GlacierNP_2016_LAS_2017,2017.0,2016.0,2016-07-01,2016-08-30,confirmed_by_gpstime
USGS_LPC_MT_LittleBigHorn_2014_LAS_2015,2015.0,2014.0,2014-06-12,2014-06-12,confirmed_by_gpstime
USGS_LPC_MT_Stillwater_2016_LAS_2017,2017.0,2016.0,2016-08-06,2016-08-11,confirmed_by_gpstime
USGS_LPC_NC_Phase4_Alexander_2017_LAS_2019,2019.0,2016.0,2016-12-21,2016-12-30,confirmed_by_gpstime
USGS_LPC_NC_Phase4_Alleghany_2016_LAS_2019,2019.0,2016.0,2016-02-27,2016-04-17,confirmed_by_gpstime
USGS_LPC_NC_Phase4_Anson_2016_LAS_2019,2019.0,2016.0,2016-03-16,2016-03-30,confirmed_by_gpstime
USGS_LPC_NC_Phase4_Catawba_2017_LAS_2019,2019.0,2016.0,2016-02-27,2017-02-21,confirmed_by_gpstime
USGS_LPC_NC_Phase4_Cleveland_2016_LAS_2019,2019.0,2016.0,2016-02-27,2017-02-21,confirmed_by_gpstime
USGS_LPC_NC_Phase4_Davidson_2017_LAS_2019,2019.0,2016.0,2016-02-27,2017-02-21,confirmed_by_gpstime
USGS_LPC_NC_Phase4_Davie_2017_LAS_2019,2019.0,2016.0,2016-02-27,2017-02-21,confirmed_by_gpstime
USGS_LPC_NC_Phase4_Forsyth_2017_LAS_2019,2019.0,2016.0,2016-02-27,2017-02-21,confirmed_by_gpstime
USGS_LPC_NC_Phase4_Gaston_2016_LAS_2019,2019.0,2016.0,2016-02-27,2017-02-21,confirmed_by_gpstime
USGS_LPC_NC_Phase4_Iredell_2017_LAS_2019,2019.0,2016.0,2016-02-27,2017-02-21,confirmed_by_gpstime
USGS_LPC_NC_Phase4_Mecklenburg_2016_LAS_2019,2019.0,2016.0,2016-02-27,2017-02-21,confirmed_by_gpstime
USGS_LPC_NC_Phase4_Rowan_2017_LAS_2019,2019.0,2016.0,2016-02-27,2017-10-30,confirmed_by_gpstime
USGS_LPC_NC_Phase4_Stokes_2016_LAS_2019,2019.0,2016.0,2016-02-27,2017-02-21,confirmed_by_gpstime
USGS_LPC_NC_Phase4_Surry_2016_LAS_2019,2019.0,2016.0,2016-02-27,2017-10-30,confirmed_by_gpstime
USGS_LPC_NC_Phase4_Union_2016_LAS_2019,2019.0,2016.0,2016-02-27,2017-10-30,confirmed_by_gpstime
USGS_LPC_NC_Phase4_Wilkes_2017_LAS_2019,2019.0,2016.0,2016-02-27,2017-10-30,confirmed_by_gpstime
USGS_LPC_NC_Phase4_Yadkin_2017_LAS_2019,2019.0,2016.0,2016-02-27,2017-10-30,confirmed_by_gpstime
USGS_LPC_NC_SandyLot9_2014_LAS_2015,2015.0,2014.0,2014-02-18,2014-10-10,confirmed_by_gpstime
USGS_LPC_NC_Sandy_L11_2014_LAS_2015,2015.0,2014.0,2014-03-02,2014-03-22,gpstime_only
USGS_LPC_NC_Sandy_L12_2014_LAS_2015,2015.0,2014.0,2014-01-27,2014-03-21,confirmed_by_gpstime
USGS_LPC_NC_Sandy_L14_2014_LAS_2015,2015.0,2014.0,2014-01-27,2014-03-21,confirmed_by_gpstime
USGS_LPC_NC_Sandy_L15_2014_LAS_2015,2015.0,2014.0,2014-01-06,2014-03-21,confirmed_by_gpstime
USGS_LPC_NC_Sandy_L6_2014_LAS_2015,2015.0,2014.0,2014-02-12,2014-03-25,confirmed_by_gpstime
USGS_LPC_NC_Sandy_L7_2014_LAS_2015,2015.0,2014.0,2014-02-17,2014-02-23,gpstime_only
USGS_LPC_NC_Sandy_Lot10_2014_LAS_2015,2015.0,2014.0,2014-02-12,2014-03-25,confirmed_by_gpstime
USGS_LPC_NC_Sandy_Lot8_2014_LAS_2015,2015.0,2014.0,2014-02-07,2014-03-20,confirmed_by_gpstime
USGS_LPC_ND_KidderCO_2014_LAS_2016,2016.0,2015.0,2015-04-23,2015-05-18,confirmed_by_gpstime
USGS_LPC_ND_McKenzieCo_2014_LAS_2018,2018.0,2014.0,2014-10-18,2014-10-31,confirmed_by_gpstime
USGS_LPC_NE_Eastern_UA_2016_LAS_2018,2018.0,2016.0,2016-12-08,2017-02-03,confirmed_by_gpstime
USGS_LPC_NE_Hat_White_Cherry_UTM13_2016_LAS_2019,2019.0,2016.0,2016-11-09,2017-05-12,confirmed_by_gpstime
USGS_LPC_NE_Hat_White_Cherry_UTM14_2016_LAS_2019,2019.0,2016.0,2016-11-09,2017-05-12,confirmed_by_gpstime
USGS_LPC_NE_Hat_White_Holt_2016_LAS_2019,2019.0,2016.0,2016-11-09,2016-11-13,confirmed_by_gpstime
USGS_LPC_NE_MO_Elkhorn_2011_LAS_2018,2018.0,2011.0,2011-11-04,2011-11-07,confirmed_by_gpstime
USGS_LPC_NE_NRCS_OrthoLidar_B1_UTM14_2017_LAS_2019,2019.0,2018.0,2018-03-01,2018-04-22,confirmed_by_gpstime
USGS_LPC_NE_NRCS_OrthoLidar_B1_UTM15_2017_LAS_2019,2019.0,2018.0,2018-03-01,2018-04-22,confirmed_by_gpstime
USGS_LPC_NE_NRCS_OrthoLidar_B1_UTM15_TL_2017_LAS_2019,2019.0,2018.0,2018-03-01,2018-04-20,confirmed_by_gpstime
USGS_LPC_NE_NRCS_OrthoLidar_B4_2017_LAS_2019,2019.0,2018.0,2018-04-23,2018-05-07,confirmed_by_gpstime
USGS_LPC_NE_Sandhills_B1_2016_LAS_2018,2018.0,2016.0,2016-12-20,2017-06-08,confirmed_by_gpstime
USGS_LPC_NE_Sandhills_B2_UTM13_2016_LAS_2018,2018.0,2017.0,2017-04-15,2017-05-31,confirmed_by_gpstime
USGS_LPC_NE_Sandhills_B2_UTM14_2016_LAS_2018,2018.0,2016.0,2016-12-27,2017-06-08,confirmed_by_gpstime
USGS_LPC_NE_Sandhills_B3_2016_LAS_2018,2018.0,2016.0,2016-12-21,2017-06-02,confirmed_by_gpstime
USGS_LPC_NE_Sandhills_B4_UTM13_2016_LAS_2018,2018.0,2017.0,2017-05-07,2017-08-29,confirmed_by_gpstime
USGS_LPC_NE_Sandhills_B4_UTM14_2016_LAS_2018,2018.0,2017.0,2017-05-07,2017-08-29,confirmed_by_gpstime
USGS_LPC_NE_Sandhills_B5_2016_LAS_2018,2018.0,2016.0,2016-12-12,2017-06-02,confirmed_by_gpstime
USGS_LPC_NE_Sandhills_B6_2016_LAS_2018,2018.0,2017.0,2017-02-13,2017-05-26,confirmed_by_gpstime
USGS_LPC_NH_Umbagog_QL1_2016_LAS_2019,2019.0,2017.0,2017-11-08,2017-11-11,confirmed_by_gpstime
USGS_LPC_NM_Animas_2014_LAS_2017,2017.0,2014.0,2014-10-12,2014-10-15,confirmed_by_gpstime
USGS_LPC_NM_CO_SouthernSanLuis_2015_LAS_2019,2019.0,2016.0,2016-09-27,2016-11-15,confirmed_by_gpstime
USGS_LPC_NM_CO_Southern_San_Luis_TL_2015_LAS_2019,2019.0,2016.0,2016-09-27,2016-11-15,confirmed_by_gpstime
USGS_LPC_NM_NRCS_Central_A1_2017_LAS_2018,2018.0,2017.0,2017-12-30,2018-02-01,confirmed_by_gpstime
USGS_LPC_NM_NRCS_Central_A2_2017_LAS_2018,2018.0,2017.0,2017-12-30,2018-02-01,confirmed_by_gpstime
USGS_LPC_NM_NorthCentral_B3_2017_LAS_2018,2018.0,2016.0,2016-10-02,2017-10-25,confirmed_by_gpstime
USGS_LPC_NM_NorthCentral_B4_2016_LAS_2018,2018.0,2016.0,2016-10-02,2017-10-25,confirmed_by_gpstime
USGS_LPC_NM_RioHondo_2014_LAS_2017,2017.0,2014.0,2014-10-12,2014-10-29,confirmed_by_gpstime
USGS_LPC_NM_RioSanJose_2016_LAS_2019,2019.0,2016.0,2016-12-15,2017-06-11,confirmed_by_gpstime
USGS_LPC_NM_Roosevelt_Curry_2015_LAS_2017,2017.0,2015.0,2015-09-30,2016-03-25,confirmed_by_gpstime
USGS_LPC_NM_WhiteSands_2015_LAS_2017,2017.0,2015.0,2015-08-08,2015-08-09,confirmed_by_gpstime
USGS_LPC_NV_LasVegas_QL1_2016_LAS_2018,2018.0,2016.0,2016-04-21,2016-05-16,confirmed_by_gpstime
USGS_LPC_NV_LasVegas_QL2_2016_LAS_2018,2018.0,2016.0,2016-04-21,2016-05-16,confirmed_by_gpstime
USGS_LPC_NV_Reno_Carson_QL1_2017_LAS_2018,2018.0,2017.0,2017-10-12,2017-10-27,confirmed_by_gpstime
USGS_LPC_NV_Reno_Carson_QL2_2017_LAS_2018,2018.0,2017.0,2017-10-12,2017-10-27,confirmed_by_gpstime
USGS_LPC_NV_UpperHumboldt_2016_LAS_2018,2018.0,2016.0,2016-05-02,2016-06-02,confirmed_by_gpstime
USGS_LPC_NY_CayugaOswego_2018_LAS_2019,2019.0,2018.0,2018-04-23,2018-05-02,confirmed_by_gpstime
USGS_LPC_NY_CayugaOswego_TL_2018_LAS_2019,2019.0,2018.0,2018-04-23,2018-05-02,confirmed_by_gpstime
USGS_LPC_NY_Cl_Ess_LChamp_P2_2014_LAS_2016,2016.0,2014.0,2014-11-02,2015-05-08,gpstime_only
USGS_LPC_NY_FEMA_R2L1_ChautauquaCo_2014_LAS_2017,2017.0,2014.0,2014-05-06,2014-05-07,confirmed_by_gpstime
USGS_LPC_NY_FEMA_R2L2_OrleansCo_2014_LAS_2017,2017.0,2014.0,2014-05-05,2014-05-24,confirmed_by_gpstime
USGS_LPC_NY_FEMA_R2_B1_2016_LAS_2018,2018.0,2016.0,2016-11-14,2017-04-23,confirmed_by_gpstime
USGS_LPC_NY_FEMA_R2_B2_2016_LAS_2018,2018.0,2016.0,2016-11-12,2017-05-11,confirmed_by_gpstime
USGS_LPC_NY_FEMA_R2_Northeast_2017_LAS_2019,2019.0,2018.0,2018-05-06,2018-05-09,confirmed_by_gpstime
USGS_LPC_NY_FEMA_R2_Seneca_2012_LAS_2015,2015.0,2012.0,2012-03-18,2014-04-24,confirmed_by_gpstime
USGS_LPC_NY_LongIsland_Z18_2014_LAS_2015,2015.0,2014.0,2014-04-03,2014-04-21,confirmed_by_gpstime
USGS_LPC_NY_MadisonOtsegoCo_2015_LAS_2017,2017.0,2015.0,2015-04-16,2015-06-06,confirmed_by_gpstime
USGS_LPC_NY_Sandy_Ul_Du_Or_2013_LAS_2016,2016.0,2013.0,2013-11-20,2014-06-01,confirmed_by_gpstime
USGS_LPC_NY_Schoharie_2014_LAS_2016,2016.0,2014.0,2014-05-26,2014-06-02,confirmed_by_gpstime
USGS_LPC_NY_Southwest_2_CO_2016_LAS_2018,2018.0,2016.0,2016-03-30,2016-05-18,confirmed_by_gpstime
USGS_LPC_NY_Southwest_B2_TL_2017_LAS_2019,2019.0,2017.0,2017-11-15,2017-12-04,confirmed_by_gpstime
USGS_LPC_NY_Southwest_East_2017_LAS_2018,2018.0,2017.0,2017-04-18,2017-05-09,confirmed_by_gpstime
USGS_LPC_OH_ChippewaWatershed_2017_LAS_2018,2018.0,2017.0,2017-03-27,2017-03-27,confirmed_by_gpstime
USGS_LPC_OH_Clinton_2018_LAS_2019,2019.0,2018.0,2018-03-04,2018-12-11,confirmed_by_gpstime
USGS_LPC_OH_Delaware_2018_LAS_2019,2019.0,2018.0,2018-03-06,2018-12-11,confirmed_by_gpstime
USGS_LPC_OH_LowerMaumee_B16_2016_LAS_2017,2017.0,2016.0,2016-04-13,2016-04-17,confirmed_by_gpstime
USGS_LPC_OK_3County_2017_LAS_2019,2019.0,2018.0,2018-03-03,2018-03-16,confirmed_by_gpstime
USGS_LPC_OK_Area1_1A_2011_LAS_2016,2016.0,2011.0,2011-12-07,2011-12-08,confirmed_by_gpstime
USGS_LPC_OK_Area1_1B_2011_LAS_2017,2017.0,2011.0,2011-12-09,2011-12-15,gpstime_unavailable
USGS_LPC_OK_Area1_1D_2011_LAS_2017,2017.0,2012.0,2012-01-02,2012-01-14,gpstime_unavailable
USGS_LPC_OK_Area2_2011_LAS_2016,2016.0,2011.0,2011-12-08,2012-02-16,confirmed_by_gpstime
USGS_LPC_OK_Area4_2011_LAS_2018,2018.0,2011.0,2011-12-08,2012-02-16,confirmed_by_gpstime
USGS_LPC_OK_Cache_L5_2014_LAS_2015,2015.0,2014.0,2014-12-08,2015-01-17,confirmed_by_gpstime
USGS_LPC_OK_Craig_Nowata_2015_LAS_2017,2017.0,2015.0,2015-12-08,2016-01-30,confirmed_by_gpstime
USGS_LPC_OK_DamRehab3_7_2011_LAS_2018,2018.0,2011.0,2011-12-08,2012-02-16,conflict_wesm_vs_gpstime
USGS_LPC_OK_NRCS_Area1C_2012_LAS_2018,2018.0,2011.0,2011-12-16,2012-01-21,gpstime_unavailable
USGS_LPC_OK_NRCS_Area1E_2012_LAS_2018,2018.0,2012.0,2012-01-05,2012-01-19,gpstime_unavailable
USGS_LPC_OK_North_Corridor_B4_2017_LAS_2018,2018.0,2016.0,2016-12-15,2017-01-28,confirmed_by_gpstime
USGS_LPC_OK_Woodward_UTM14_B1_2016_LAS_2018,2018.0,2016.0,2016-12-13,2017-04-17,confirmed_by_gpstime
USGS_LPC_OK_Woodward_UTM14_B2_2016_LAS_2018,2018.0,2016.0,2016-12-13,2017-04-17,confirmed_by_gpstime
USGS_LPC_OK_Woodward_UTM15_B3_2016__LAS_2018,2018.0,2016.0,2016-12-13,2017-02-17,confirmed_by_gpstime
USGS_LPC_OK_Woodward_UTM15_B4_2016__LAS_2018,2018.0,2016.0,2016-12-13,2017-04-17,confirmed_by_gpstime
USGS_LPC_OK_Woodward_UTM15_B5_2016__LAS_2018,2018.0,2016.0,2016-12-13,2017-04-17,confirmed_by_gpstime
USGS_LPC_OK_Woodward_UTM15_B6_2016_LAS_2019,2019.0,2017.0,2017-01-28,2017-03-08,confirmed_by_gpstime
USGS_LPC_OR_HarneyCounty_2018_LAS_2019,2019.0,2018.0,2018-08-03,2018-08-04,confirmed_by_gpstime
USGS_LPC_OR_HarneyCounty_TL_2018_LAS_2019,2019.0,2018.0,2018-08-03,2018-08-04,confirmed_by_gpstime
USGS_LPC_OR_OLC_Wallowa_2015_LAS_2017,2017.0,2015.0,2015-07-04,2015-07-15,confirmed_by_gpstime
USGS_LPC_PA_Allentown_2016_LAS_2017,2017.0,2016.0,2016-08-23,2016-08-23,conflict_wesm_vs_gpstime
USGS_LPC_PA_Dauphin_2016_LAS_2017,2017.0,2016.0,2016-03-24,2016-03-26,confirmed_by_gpstime
USGS_LPC_PA_South_Central_B1_2017_LAS_2019,2019.0,2017.0,2017-11-21,2017-12-21,confirmed_by_gpstime
USGS_LPC_PA_South_Central_B2_2017_LAS_2019,2019.0,2017.0,2017-11-21,2017-12-21,confirmed_by_gpstime
USGS_LPC_PR_PuertoRico_2015_LAS_2018,2018.0,2016.0,2016-01-26,2017-03-16,confirmed_by_gpstime
USGS_LPC_PR_PuertoRico_2016_LAS_2017,2017.0,2015.0,2015-09-19,2016-03-31,gpstime_only
USGS_LPC_SC_6County_Abbeville_2012_LAS_2017,2017.0,2012.0,2012-03-13,2012-03-15,confirmed_by_gpstime
USGS_LPC_SC_6County_Aiken_2012_LAS_2017,2017.0,2013.0,2013-03-13,2013-03-15,conflict_wesm_vs_gpstime
USGS_LPC_SC_6County_Barnwell_2012_LAS_2017,2017.0,2012.0,2012-03-13,2012-03-15,confirmed_by_gpstime
USGS_LPC_SC_6County_Calhoun_2012_LAS_2017,2017.0,2012.0,2012-03-13,2012-03-15,confirmed_by_gpstime
USGS_LPC_SC_6County_Edgefield_2012_LAS_2017,2017.0,2012.0,2012-03-13,2012-03-15,conflict_wesm_vs_gpstime
USGS_LPC_SC_6County_McCormick_2012_LAS_2017,2017.0,2012.0,2012-03-13,2012-03-15,confirmed_by_gpstime
USGS_LPC_SC_Charleston_2016_LAS_2019,2019.0,2016.0,2016-12-17,2017-03-09,confirmed_by_gpstime
USGS_LPC_SC_East_Central_2017_LAS_2019,2019.0,2018.0,2018-04-11,2018-04-18,confirmed_by_gpstime
USGS_LPC_SC_East_Central_TL_2018_LAS_2019,2019.0,2018.0,2018-04-11,2018-04-18,confirmed_by_gpstime
USGS_LPC_SC_Georgetown_2016_LAS_2019,2019.0,2016.0,2016-12-16,2017-03-04,confirmed_by_gpstime
USGS_LPC_SC_Williamsburg_2016_LAS_2019,2019.0,2016.0,2016-12-12,2017-03-03,confirmed_by_gpstime
USGS_LPC_SD_MORiver_Woolpert_B1_2016_LAS_2018,2018.0,2016.0,2016-11-28,2017-04-22,confirmed_by_gpstime
USGS_LPC_SD_NRCS_DAS_2017_LAS_2019,2019.0,2017.0,2017-05-04,2017-06-14,confirmed_by_gpstime
USGS_LPC_SD_NRCS_Fugro_B1_2017_LAS_2019,2019.0,2017.0,2017-12-01,2017-12-31,confirmed_by_gpstime
USGS_LPC_SD_NRCS_Fugro_B1_TL_2017_LAS_2019,2019.0,2017.0,2017-12-01,2017-12-31,confirmed_by_gpstime
USGS_LPC_SD_NRCS_Fugro_B2_2017_LAS_2019,2019.0,2017.0,2017-11-15,2018-05-26,confirmed_by_gpstime
USGS_LPC_SD_NRCS_PAR_2017_LAS_2018,2018.0,2017.0,2017-05-11,2017-06-09,confirmed_by_gpstime
USGS_LPC_TN_27County_blk1_2015_LAS_2018,2018.0,2015.0,2015-12-03,2016-01-13,confirmed_by_gpstime
USGS_LPC_TN_27County_blk2_2015_LAS_2017,2017.0,2015.0,2015-12-03,2016-01-13,confirmed_by_gpstime
USGS_LPC_TN_27County_blk3_2015_LAS_2017,2017.0,2015.0,2015-12-03,2016-01-13,confirmed_by_gpstime
USGS_LPC_TN_27County_blk4_2015_LAS_2018,2018.0,2015.0,2015-12-03,2016-01-13,confirmed_by_gpstime
USGS_LPC_TN_3County_2015_LAS_2017,2017.0,2015.0,2015-12-17,2016-01-06,confirmed_by_gpstime
USGS_LPC_TN_BlountCo_2015_LAS_2017,2017.0,2015.0,2015-03-22,2015-03-29,confirmed_by_gpstime
USGS_LPC_TN_Eastern_2_16_B16_Del2_2016_LAS_2017,2017.0,2016.0,2016-02-05,2016-04-04,confirmed_by_gpstime
USGS_LPC_TN_Eastern_2_16_B16_Del3_2016_LAS_2017,2017.0,2016.0,2016-02-05,2016-04-04,confirmed_by_gpstime
USGS_LPC_TN_Eastern_2_16_B16_Del4_2016_LAS_2017,2017.0,2016.0,2016-02-05,2016-04-04,confirmed_by_gpstime
USGS_LPC_TN_Middle_B1_2018_LAS_2019,2019.0,2018.0,2018-01-31,2018-04-05,confirmed_by_gpstime
USGS_LPC_TN_Middle_B2_2018_LAS_2019,2019.0,2018.0,2018-01-31,2018-04-05,confirmed_by_gpstime
USGS_LPC_TN_Middle_B3_2018_LAS_2019,2019.0,2018.0,2018-01-30,2018-04-05,confirmed_by_gpstime
USGS_LPC_TN_NRCS_L1_2011_12_LAS_2017,2017.0,2011.0,2011-12-02,2012-06-13,conflict_wesm_vs_gpstime
USGS_LPC_TN_NRCS_L2_2011_12_LAS_2017,2017.0,2011.0,2011-01-03,2012-01-04,confirmed_by_gpstime
USGS_LPC_TN_ShelbyCo_2017_LAS_2019,2019.0,2017.0,2017-03-02,2017-03-04,confirmed_by_gpstime
USGS_LPC_TN_WestCentral_B1_2017_LAS_2018,2018.0,2017.0,2017-03-03,2017-03-19,confirmed_by_gpstime
USGS_LPC_TN_WestCentral_B2_2017_LAS_2018,2018.0,2017.0,2017-03-03,2017-10-29,confirmed_by_gpstime
USGS_LPC_TX_Archer_Jack_2014_LAS_2016,2016.0,2015.0,2015-01-04,2015-03-12,confirmed_by_gpstime
USGS_LPC_TX_Central_B1_2017_LAS_2019,2019.0,2017.0,2017-01-28,2017-03-22,confirmed_by_gpstime
USGS_LPC_TX_Central_B2_2017_LAS_2019,2019.0,2017.0,2017-01-20,2017-03-14,confirmed_by_gpstime
USGS_LPC_TX_East_UTM14_2017_LAS_2018,2018.0,2016.0,2016-12-29,2017-01-07,confirmed_by_gpstime
USGS_LPC_TX_East_UTM15_2017_LAS_2018,2018.0,2016.0,2016-12-29,2017-01-07,confirmed_by_gpstime
USGS_LPC_TX_Eastern_B2_Z14_2018_LAS_2019,2019.0,2018.0,2018-03-06,2018-05-30,confirmed_by_gpstime
USGS_LPC_TX_Eastern_B2_Z15_2018_LAS_2019,2019.0,2018.0,2018-03-06,2018-03-19,confirmed_by_gpstime
USGS_LPC_TX_Eastern_B3_2018_LAS_2019,2019.0,2018.0,2018-03-14,2018-03-21,confirmed_by_gpstime
USGS_LPC_TX_Lower_SanBernard_B1_2017_LAS_2019,2019.0,2018.0,2018-02-16,2018-03-07,confirmed_by_gpstime
USGS_LPC_TX_Lower_SanBernard_B2_2017_LAS_2019,2019.0,2018.0,2018-02-25,2018-04-22,confirmed_by_gpstime
USGS_LPC_TX_Lower_SanBernard_B4_2017_LAS_2019,2019.0,2018.0,2018-03-03,2018-04-17,confirmed_by_gpstime
USGS_LPC_TX_Lower_SanBernard_B5_2017_LAS_2019,2019.0,2018.0,2018-03-03,2018-04-17,confirmed_by_gpstime
USGS_LPC_TX_Lower_SanBernard_B6_2017_LAS_2019,2019.0,2018.0,2018-02-25,2018-04-22,confirmed_by_gpstime
USGS_LPC_TX_MatagordaBay_B1_2018,2018.0,2019.0,2019-01-15,2019-03-01,confirmed_by_gpstime
USGS_LPC_TX_MatagordaBay_B2_2018,2018.0,2019.0,2019-01-24,2019-01-29,confirmed_by_gpstime
USGS_LPC_TX_MiddleBrazos_2016_LAS_2017,2017.0,2016.0,2016-03-04,2016-03-21,confirmed_by_gpstime
USGS_LPC_TX_Neches_B1_2016_LAS_2018,2018.0,2016.0,2016-03-03,2017-10-09,confirmed_by_gpstime
USGS_LPC_TX_Neches_B2_2016_LAS_2018,2018.0,2016.0,2016-03-03,2017-10-09,confirmed_by_gpstime
USGS_LPC_TX_Neches_B3_2016_LAS_2018,2018.0,2016.0,2016-03-03,2017-10-09,confirmed_by_gpstime
USGS_LPC_TX_Neches_B4_2016_LAS_2018,2018.0,2016.0,2016-03-03,2017-10-09,confirmed_by_gpstime
USGS_LPC_TX_Neches_B5_2016_LAS_2018,2018.0,2016.0,2016-03-03,2017-10-09,confirmed_by_gpstime
USGS_LPC_TX_Panhandle_B10_2017_LAS_2019,2019.0,2018.0,2018-03-13,2018-04-11,confirmed_by_gpstime
USGS_LPC_TX_Panhandle_B10_TL_2017_LAS_2019,2019.0,2018.0,2018-02-09,2018-05-20,confirmed_by_gpstime
USGS_LPC_TX_Panhandle_B11_2017_LAS_2019,2019.0,2018.0,2018-02-17,2018-04-13,confirmed_by_gpstime
USGS_LPC_TX_Panhandle_B11_TL_2017_LAS_2019,2019.0,2018.0,2018-02-17,2018-04-13,confirmed_by_gpstime
USGS_LPC_TX_Panhandle_B1_2017_LAS_2019,2019.0,2018.0,2018-02-26,2018-03-12,confirmed_by_gpstime
USGS_LPC_TX_Panhandle_B1_TL_2018_LAS_2019,2019.0,2018.0,2018-02-09,2018-05-20,confirmed_by_gpstime
USGS_LPC_TX_Panhandle_B2_2017_LAS_2019,2019.0,2018.0,2018-02-09,2018-05-20,confirmed_by_gpstime
USGS_LPC_TX_Panhandle_B3_2017_LAS_2019,2019.0,2018.0,2018-02-09,2018-05-20,confirmed_by_gpstime
USGS_LPC_TX_Panhandle_B4_2017_LAS_2019,2019.0,2018.0,2018-02-09,2018-05-20,confirmed_by_gpstime
USGS_LPC_TX_Panhandle_B6_2017_LAS_2019,2019.0,2018.0,2018-02-09,2018-05-20,confirmed_by_gpstime
USGS_LPC_TX_Panhandle_B7_2017_LAS_2019,2019.0,2018.0,2018-02-09,2018-05-20,confirmed_by_gpstime
USGS_LPC_TX_Panhandle_B8_2017_LAS_2019,2019.0,2018.0,2018-02-09,2018-05-20,confirmed_by_gpstime
USGS_LPC_TX_Panhandle_B9_2017_LAS_2019,2019.0,2018.0,2018-02-10,2018-05-20,confirmed_by_gpstime
USGS_LPC_TX_RedRiver_3Area_B1_2018_LAS_2019,2019.0,2017.0,2017-01-07,2018-05-28,confirmed_by_gpstime
USGS_LPC_TX_RedRiver_3Area_B2_2018_LAS_2019,2019.0,2018.0,2018-01-08,2018-03-01,conflict_wesm_vs_gpstime
USGS_LPC_TX_RedRiver_Atacosa_B1_2018_LAS_2019,2019.0,2018.0,2018-01-04,2018-01-22,confirmed_by_gpstime
USGS_LPC_TX_RedRiver_Atacosa_B2_2018_LAS_2019,2019.0,2018.0,2018-01-04,2018-01-22,confirmed_by_gpstime
USGS_LPC_TX_RedRiver_B1_2017_LAS_2019,2019.0,2017.0,2017-01-20,2017-03-01,confirmed_by_gpstime
USGS_LPC_TX_RedRiver_B2_2017_LAS_2019,2019.0,2017.0,2017-01-20,2017-02-25,confirmed_by_gpstime
USGS_LPC_TX_RedRiver_B2_TL_2017_LAS_2019,2019.0,2017.0,2017-01-20,2017-02-25,confirmed_by_gpstime
USGS_LPC_TX_RedRiver_B3_2017_LAS_2019,2019.0,2017.0,2017-01-20,2017-03-01,confirmed_by_gpstime
USGS_LPC_TX_RedRiver_BrazosBasin_B1_2017_LAS_2019,2019.0,2017.0,2017-03-17,2018-05-28,confirmed_by_gpstime
USGS_LPC_TX_RedRiver_BrazosBasin_B2_2017_LAS_2019,2019.0,2017.0,2017-03-06,2018-05-28,confirmed_by_gpstime
USGS_LPC_TX_RedRiver_BrazosBasin_B3_2017_LAS_2019,2019.0,2017.0,2017-01-21,2018-05-28,confirmed_by_gpstime
USGS_LPC_TX_RedRiver_BrazosBasin_B4_2017_LAS_2019,2019.0,2017.0,2017-01-21,2017-12-15,confirmed_by_gpstime
USGS_LPC_TX_RedRiver_BrazosBasin_B5_2017_LAS_2019,2019.0,2017.0,2017-01-23,2018-03-09,confirmed_by_gpstime
USGS_LPC_TX_RedRiver_Lavaca_Wharton_2018_LAS_2019,2019.0,2018.0,2018-01-05,2018-01-15,gpstime_unavailable
USGS_LPC_TX_RioGrand_FTWhit_2014_LAS_2016,2016.0,2014.0,2014-11-30,2014-12-11,confirmed_by_gpstime
USGS_LPC_TX_South_B1_2018_LAS_2019,2019.0,2018.0,2018-01-29,2018-03-20,confirmed_by_gpstime
USGS_LPC_TX_South_B2_2018_LAS_2019,2019.0,2018.0,2018-01-29,2018-03-20,confirmed_by_gpstime
USGS_LPC_TX_South_B3_2018_LAS_2019,2019.0,2018.0,2018-01-29,2018-03-07,confirmed_by_gpstime
USGS_LPC_TX_South_B4_2018_LAS_2019,2019.0,2018.0,2018-01-23,2018-04-27,confirmed_by_gpstime
USGS_LPC_TX_South_B5_2018_LAS_2019,2019.0,2018.0,2018-01-22,2018-03-29,confirmed_by_gpstime
USGS_LPC_TX_South_B6_2018_LAS_2019,2019.0,2018.0,2018-01-13,2018-03-12,confirmed_by_gpstime
USGS_LPC_TX_South_B7_2018_LAS_2019,2019.0,2018.0,2018-01-29,2018-03-12,confirmed_by_gpstime
USGS_LPC_TX_South_B8_2018_LAS_2019,2019.0,2018.0,2018-01-23,2018-02-24,confirmed_by_gpstime
USGS_LPC_TX_UpClCrkBrazos_2015_LAS_2016,2016.0,2015.0,2015-03-30,2015-03-31,conflict_wesm_vs_gpstime
USGS_LPC_TX_West_Central_B10_2018_LAS_2019,2019.0,2018.0,2018-02-02,2018-11-05,confirmed_by_gpstime
USGS_LPC_TX_West_Central_B11_2018_LAS_2019,2019.0,2018.0,2018-02-01,2018-05-27,confirmed_by_gpstime
USGS_LPC_TX_West_Central_B12_2018_LAS_2019,2019.0,2018.0,2018-02-17,2018-11-05,confirmed_by_gpstime
USGS_LPC_TX_West_Central_B13_2018_LAS_2019,2019.0,2018.0,2018-03-09,2018-05-06,confirmed_by_gpstime
USGS_LPC_TX_West_Central_B14_2018_LAS_2019,2019.0,2018.0,2018-02-17,2018-11-05,confirmed_by_gpstime
USGS_LPC_TX_West_Central_B15a_2018_LAS_2019,2019.0,2018.0,2018-03-07,2018-03-21,confirmed_by_gpstime
USGS_LPC_TX_West_Central_B15b_2018_LAS_2019,2019.0,2017.0,2017-01-20,2018-03-07,confirmed_by_gpstime
USGS_LPC_TX_West_Central_B1_2018_LAS_2019,2019.0,2018.0,2018-02-18,2018-05-19,confirmed_by_gpstime
USGS_LPC_TX_West_Central_B2_2018_LAS_2019,2019.0,2018.0,2018-02-12,2018-05-17,confirmed_by_gpstime
USGS_LPC_TX_West_Central_B3_2018_LAS_2019,2019.0,2018.0,2018-02-11,2018-05-17,confirmed_by_gpstime
USGS_LPC_TX_West_Central_B6_2018_LAS_2019,2019.0,2018.0,2018-02-11,2018-03-12,confirmed_by_gpstime
USGS_LPC_TX_West_Central_B7_2018_LAS_2019,2019.0,2018.0,2018-02-10,2018-03-12,confirmed_by_gpstime
USGS_LPC_TX_West_Central_B8_2018_LAS_2019,2019.0,2018.0,2018-02-10,2018-03-01,confirmed_by_gpstime
USGS_LPC_TX_West_Central_B9_2018_LAS_2019,2019.0,2018.0,2018-02-07,2018-04-29,confirmed_by_gpstime
USGS_LPC_TX_West_Central_UTM14_TL_2018_LAS_2019,2019.0,2018.0,2018-03-09,2018-05-06,confirmed_by_gpstime
USGS_LPC_TX_West_Central_UTM15_TL_2018_LAS_2019,2019.0,2018.0,2018-02-28,2019-03-21,confirmed_by_gpstime
USGS_LPC_UT_BearLake_Cache_2016_LAS_2018,2018.0,2016.0,2016-09-20,2017-10-27,confirmed_by_gpstime
USGS_LPC_UT_BoxElder_2018_LAS_2019,2019.0,2018.0,2018-09-04,2019-03-19,confirmed_by_gpstime
USGS_LPC_UT_BoxElder_TL_2018_LAS_2019,2019.0,2018.0,2018-09-04,2019-03-19,confirmed_by_gpstime
USGS_LPC_UT_Central_QL1_B1_2018_LAS_2019,2019.0,2018.0,2018-08-10,2018-08-25,confirmed_by_gpstime
USGS_LPC_UT_Central_QL1_B2_2018_LAS_2019,2019.0,2018.0,2018-06-05,2018-09-03,confirmed_by_gpstime
USGS_LPC_UT_Central_Ql2_TL_2018_LAS_2019,2019.0,2018.0,2018-06-05,2018-09-03,confirmed_by_gpstime
USGS_LPC_UT_FEMAHQ_B2_2018_LAS_2019,2019.0,2018.0,2018-04-21,2018-10-15,confirmed_by_gpstime
USGS_LPC_UT_FEMAHQ_B2_QL1_2018_LAS_2019,2019.0,2018.0,2018-04-21,2018-10-15,confirmed_by_gpstime
USGS_LPC_UT_FemaHQ_B1_TL_2018_LAS_2019,2019.0,2018.0,2018-04-27,2018-06-02,confirmed_by_gpstime
USGS_LPC_UT_FemaHQ_B2_TL_2018_LAS_2019,2019.0,2018.0,2018-04-21,2018-10-15,confirmed_by_gpstime
USGS_LPC_UT_MillsiteReservoir_2017_LAS_2018,2018.0,2017.0,2017-10-21,2017-10-25,confirmed_by_gpstime
USGS_LPC_UT_MonroeMoutain_2016_LAS_2018,2018.0,2016.0,2016-08-03,2016-10-12,gpstime_unavailable
USGS_LPC_UT_NorthEscalanteDesert_2016_LAS_2018,2018.0,2016.0,2016-10-26,2016-11-03,confirmed_by_gpstime
USGS_LPC_UT_Northern_QL1_2018_LAS_2019,2019.0,2018.0,2018-04-25,2018-08-03,confirmed_by_gpstime
USGS_LPC_UT_Northern_QL2_2018_LAS_2019,2019.0,2018.0,2018-05-24,2018-06-26,confirmed_by_gpstime
USGS_LPC_UT_Sanpete_2018_LAS_2019,2019.0,2018.0,2018-10-15,2018-11-03,confirmed_by_gpstime
USGS_LPC_UT_Southern_B1_2018_LAS_2019,2019.0,2018.0,2018-04-27,2018-10-12,confirmed_by_gpstime
USGS_LPC_UT_Southern_B1_TL_2018_LAS_2019,2019.0,2018.0,2018-04-27,2018-10-12,confirmed_by_gpstime
USGS_LPC_UT_Southern_B2_2018_LAS_2019,2019.0,2018.0,2018-04-27,2018-10-12,confirmed_by_gpstime
USGS_LPC_UT_Southern_QL1_2018_LAS_2019,2019.0,2018.0,2018-04-27,2018-07-29,confirmed_by_gpstime
USGS_LPC_UT_WasatchFault_L3_2013_LAS_2016,2016.0,2013.0,2013-11-08,2013-12-01,confirmed_by_gpstime
USGS_LPC_UT_Wasatch_L4_2013_LAS_2016,2016.0,2013.0,2013-10-18,2014-03-22,confirmed_by_gpstime
USGS_LPC_UT_Wasatch_L5_2014_LAS_2016,2016.0,2014.0,2014-03-23,2014-05-31,conflict_wesm_vs_gpstime
USGS_LPC_VA_Central_Seismic_2013_LAS_2015,2015.0,2014.0,2014-05-06,2014-05-07,confirmed_by_gpstime
USGS_LPC_VA_ChesapeakeBayNorth_2015_LAS_2017,2017.0,2015.0,2015-11-15,2016-03-30,confirmed_by_gpstime
USGS_LPC_VA_Eastern_ShoreBAA_2015_LAS_2017,2017.0,2015.0,2015-04-11,2015-04-24,confirmed_by_gpstime
USGS_LPC_VA_FEMA_R3_Northeast_2016_LAS_2018,2018.0,2016.0,2016-11-04,2017-04-27,confirmed_by_gpstime
USGS_LPC_VA_FEMA_R3_Southwest_A_2016_LAS_2018,2018.0,2016.0,2016-11-03,2017-04-17,confirmed_by_gpstime
USGS_LPC_VA_FEMA_R3_Southwest_B_2016_LAS_2018,2018.0,2016.0,2016-11-03,2017-04-17,confirmed_by_gpstime
USGS_LPC_VA_Norfolk_2013_LAS_2015,2015.0,2013.0,2013-03-21,2013-04-05,confirmed_by_gpstime
USGS_LPC_VA_Sandy_2014_LAS_2015,2015.0,2014.0,2014-03-24,2014-04-21,confirmed_by_gpstime
USGS_LPC_VA_Shen_Multi_Haz_2014_LAS_2015,2015.0,2014.0,2014-01-18,2014-05-23,confirmed_by_gpstime
USGS_LPC_VA_Shenandoah_2013_LAS_2015,2015.0,2014.0,2014-01-18,2014-04-11,gpstime_only
USGS_LPC_VT_Connecticut_River_2016_LAS_2018,2018.0,2016.0,2016-11-01,2016-11-19,confirmed_by_gpstime
USGS_LPC_VT_E_Vermont_L2_2014_LAS_2017,2017.0,2014.0,2014-11-11,2015-11-04,confirmed_by_gpstime
USGS_LPC_VT_EasternVermont_L1_2014_LAS_2017,2017.0,2014.0,2014-11-11,2015-11-04,confirmed_by_gpstime
USGS_LPC_VT_RutlandCo_Lot6_2013_LAS_2016,2016.0,2013.0,2013-11-04,2016-02-22,confirmed_by_gpstime
USGS_LPC_VT_Rutland_Lot7_2014_LAS_2016,2016.0,2013.0,2013-11-04,2015-05-05,confirmed_by_gpstime
USGS_LPC_VT_Rutland_Lot8_2013_LAS_2016,2016.0,2013.0,2013-11-04,2015-11-30,confirmed_by_gpstime
USGS_LPC_VT_Western_2017_LAS_2018,2018.0,2017.0,2017-11-08,2017-11-21,confirmed_by_gpstime
USGS_LPC_VT_Windham_CO_2015_LAS_2017,2017.0,2015.0,2015-11-09,2015-11-15,confirmed_by_gpstime
USGS_LPC_WA_3_County_QL2_2017_LAS_2019,2019.0,2017.0,2017-10-03,2018-06-04,confirmed_by_gpstime
USGS_LPC_WA_ElwhaRiver_2014_LAS_2017,2017.0,2014.0,2014-11-07,2015-02-01,confirmed_by_gpstime
USGS_LPC_WA_Elwha_TB_2015_LAS_2016,2016.0,2015.0,2015-09-28,2015-09-29,confirmed_by_gpstime
USGS_LPC_WA_GlacierPeak_2014_LAS_2016,2016.0,2014.0,2014-08-25,2015-06-24,confirmed_by_gpstime
USGS_LPC_WA_MtBaker_2015_LAS_2017,2017.0,2015.0,2015-08-26,2015-09-27,confirmed_by_gpstime
USGS_LPC_WA_Olympic_Peninsula_2013_LAS_2015,2015.0,2013.0,2013-10-13,2014-01-25,confirmed_by_gpstime
USGS_LPC_WI_Bayfield_2016,2016.0,2015.0,2015-10-22,2015-11-08,confirmed_by_gpstime
USGS_LPC_WI_DodgeCo_2017_LAS_2019,2019.0,2017.0,2017-04-12,2017-04-23,confirmed_by_gpstime
USGS_LPC_WI_FEMAHQ_2018_LAS_2019,2019.0,2018.0,2018-04-30,2018-05-16,confirmed_by_gpstime
USGS_LPC_WI_FEMAHQ_TL_2018_LAS_2019,2019.0,2018.0,2018-04-30,2018-05-16,confirmed_by_gpstime
USGS_LPC_WI_Forest_2016_LAS_2019,2019.0,2017.0,2017-04-22,2017-04-25,confirmed_by_gpstime
USGS_LPC_WI_Forest_TL_2016_LAS_2019,2019.0,2017.0,2017-04-22,2017-04-25,confirmed_by_gpstime
USGS_LPC_WI_Kenosha_2017_LAS_2019,2019.0,2017.0,2017-04-16,2017-05-07,confirmed_by_gpstime
USGS_LPC_WI_LaCrosse_2017_LAS_2018,2018.0,2017.0,2017-03-10,2017-03-11,confirmed_by_gpstime
USGS_LPC_WI_Langlade_2017_LAS_2019,2019.0,2017.0,2017-04-16,2017-04-29,confirmed_by_gpstime
USGS_LPC_WI_Langlade_TL_2017_LAS_2019,2019.0,2017.0,2017-04-16,2017-04-29,confirmed_by_gpstime
USGS_LPC_WI_LincolnCo_2015_LAS_2019,2019.0,2015.0,2015-04-24,2016-03-02,confirmed_by_gpstime
USGS_LPC_WI_ManitowocCo_2015_LAS_2019,2019.0,2015.0,2015-11-02,2015-11-10,confirmed_by_gpstime
USGS_LPC_WI_OneidaCo_2013_LAS_2019,2019.0,2013.0,2013-05-13,2013-05-16,confirmed_by_gpstime
USGS_LPC_WI_OneidaCo_TL_2013_LAS_2019,2019.0,2013.0,2013-05-13,2013-05-16,confirmed_by_gpstime
USGS_LPC_WI_Racine_2017_LAS_2019,2019.0,2017.0,2017-04-16,2017-05-07,confirmed_by_gpstime
USGS_LPC_WI_SEWRPC_2017_LAS_2019,2019.0,2015.0,2015-03-24,2015-04-02,confirmed_by_gpstime
USGS_LPC_WI_Sawyer_2017_LAS_2019,2019.0,2017.0,2017-04-21,2017-04-22,confirmed_by_gpstime
USGS_LPC_WI_Sawyer_TL_2017_LAS_2019,2019.0,2017.0,2017-04-21,2017-04-22,confirmed_by_gpstime
USGS_LPC_WI_Shawano_2015_LAS_2017,2017.0,2015.0,2015-11-14,2015-11-15,confirmed_by_gpstime
USGS_LPC_WI_VilasCo_2013_LAS_2019,2019.0,2013.0,2013-05-13,2013-05-16,confirmed_by_gpstime
USGS_LPC_WI_VilasCo_TL_2013_LAS_2019,2019.0,2013.0,2013-05-13,2013-05-16,confirmed_by_gpstime
USGS_LPC_WI_Washburn_TL_2016_LAS_2019,2019.0,2016.0,2016-04-12,2016-04-14,confirmed_by_gpstime
USGS_LPC_WI_Waushara_2017_LAS_2019,2019.0,2017.0,2017-11-07,2017-11-08,confirmed_by_gpstime
USGS_LPC_WI_Winnebago_2014_LAS_2019,2019.0,2014.0,2014-04-21,2014-05-21,confirmed_by_gpstime
USGS_LPC_WI_Winnebago_TL_2014_LAS_2019,2019.0,2014.0,2014-04-21,2014-05-21,confirmed_by_gpstime
USGS_LPC_WV_FEMA_R3_East_2016_LAS_2018,2018.0,2016.0,2016-11-22,2016-12-28,confirmed_by_gpstime
USGS_LPC_WY_Carbon_2015_LAS_2018,2018.0,2015.0,2015-10-25,2016-07-27,confirmed_by_gpstime
USGS_LPC_WY_Casper_Natrona_2015_LAS_2017,2017.0,2015.0,2015-05-31,2015-06-08,confirmed_by_gpstime
USGS_LPC_WY_GrandTetonElkRefuge_2014_LAS_2016,2016.0,2014.0,2014-08-27,2014-09-11,confirmed_by_gpstime
USGS_LPC__IL_District7_Lawrence_2014_LAS_2017,2017.0,2010.0,2010-12-07,2011-04-14,gpstime_unavailable
USGS_LPC___IL_District7_Coles_2014_LAS_2017,2017.0,2012.0,2012-02-17,2012-11-16,gpstime_unavailable
USGS_Lidar_Point_Cloud_NJ_SdL5_2014_LAS_2015,2015.0,2014.0,2014-03-21,2014-04-21,confirmed_by_gpstime
USGS_Lidar_Point_Cloud_NY_LI19_2014_LAS_2015,2015.0,2014.0,2014-04-03,2014-04-21,confirmed_by_gpstime
UT_WestEast_1_B22,,2022.0,2022-10-21,2022-10-21,gpstime_only
WI_Bayfield_TL_2016,2016.0,2015.0,2015-10-22,2015-11-02,gpstime_only
