region,url,downloaded_utc,server_last_modified,zip_bytes,zip_sha256,members
AK,https://landfire.gov/data-downloads/zip/LFRDBs_and_Photos/AK/AK_Public_LFRDB_LF2.0.0.zip,2026-10-08T17:01:05Z,"Tue, 17 Mar 2026 21:10:13 GMT",24440252,db1f1adbc59042e6d46b38c34cb6aa9708a56e3a1336c4dd85563c9d93faab1a,AK_Public_LFRDB_LF2.0.0/;AK_Public_LFRDB_LF2.0.0/AK_Public_LFRDB_LF2.0.0.accdb;AK_Public_LFRDB_LF2.0.0/LFRemap_PUBLIC_LFRDB_DataDictionary.pdf
HI,https://landfire.gov/data-downloads/zip/LFRDBs_and_Photos/HI/HI_Public_LFRDB_LF2.0.0.zip,2026-10-08T17:01:10Z,"Tue, 17 Mar 2026 21:22:49 GMT",4086119,6997f2cecd71fe04861a38793d9d96be5a322511a081ea06c451a5cd83fab71c,HI_Public_LFRDB_LF2.0.0/;HI_Public_LFRDB_LF2.0.0/HI_Public_LFRDB_LF2.0.0.accdb;HI_Public_LFRDB_LF2.0.0/LFRemap_PUBLIC_LFRDB_DataDictionary.pdf
IA,https://landfire.gov/data-downloads/zip/LFRDBs_and_Photos/IA/IA_Public_LFRDB_LF2.0.0.zip,2026-10-08T17:01:12Z,"Tue, 17 Mar 2026 21:23:05 GMT",1444502,31bce09bcf547539423892c898795c7ad95b290efc1cf18b370a0d0acca9ced5,IA_Public_LFRDB_LF2.0.0/;IA_Public_LFRDB_LF2.0.0/IA_Public_LFRDB_LF2.0.0.accdb;IA_Public_LFRDB_LF2.0.0/LFRemap_PUBLIC_LFRDB_DataDictionary.pdf
NC,https://landfire.gov/data-downloads/zip/LFRDBs_and_Photos/NC/NC_Public_LFRDB_LF2.0.0.zip,2026-10-08T17:02:29Z,"Fri, 20 Mar 2026 16:55:04 GMT",50724254,4ba9741e8ac9829316ac488569bdea73ec9e065618061d4ff212a897434d7d56,NC_Public_LFRDB_LF2.0.0/;NC_Public_LFRDB_LF2.0.0/LFRemap_PUBLIC_LFRDB_DataDictionary.pdf;NC_Public_LFRDB_LF2.0.0/NC_Public_LFRDB_LF2.0.0.accdb
NE,https://landfire.gov/data-downloads/zip/LFRDBs_and_Photos/NE/NE_Public_LFRDB_LF2.0.0.zip,2026-10-08T17:02:08Z,"Fri, 20 Mar 2026 16:54:22 GMT",15665698,2ba10122075cb06712f83c0c21fdfe4d1d7d3adefdf016c40e41d5ff42417550,NE_Public_LFRDB_LF2.0.0/;NE_Public_LFRDB_LF2.0.0/LFRemap_PUBLIC_LFRDB_DataDictionary.pdf;NE_Public_LFRDB_LF2.0.0/NE_Public_LFRDB_LF2.0.0.accdb
NW,https://landfire.gov/data-downloads/zip/LFRDBs_and_Photos/NW/NW_Public_LFRDB_LF2.0.0.zip,2026-10-08T17:02:38Z,"Fri, 20 Mar 2026 16:55:40 GMT",86519681,248ac6d18ee107c7e96b569016d70d6154da487c59c882482c49946b373e0226,NW_Public_LFRDB_LF2.0.0/;NW_Public_LFRDB_LF2.0.0/LFRemap_PUBLIC_LFRDB_DataDictionary.pdf;NW_Public_LFRDB_LF2.0.0/NW_Public_LFRDB_LF2.0.0.accdb
SC,https://landfire.gov/data-downloads/zip/LFRDBs_and_Photos/SC/SC_Public_LFRDB_LF2.0.0.zip,2026-10-08T17:01:50Z,"Fri, 20 Mar 2026 16:56:12 GMT",7298508,d8f2d5f71391d3e7e92b02479e148d9979a4a10fdd4242e8190b0e94b60f4ac2,SC_Public_LFRDB_LF2.0.0/;SC_Public_LFRDB_LF2.0.0/LFRemap_PUBLIC_LFRDB_DataDictionary.pdf;SC_Public_LFRDB_LF2.0.0/SC_Public_LFRDB_LF2.0.0.accdb
SE,https://landfire.gov/data-downloads/zip/LFRDBs_and_Photos/SE/SE_Public_LFRDB_LF2.0.0.zip,2026-10-08T17:02:00Z,"Fri, 20 Mar 2026 16:53:07 GMT",22777159,f5d80c76714cfb67c7fa8cc574d6690b958a209eccc2dbfd9fb860f3f07e6364,SE_Public_LFRDB_LF2.0.0/;SE_Public_LFRDB_LF2.0.0/LFRemap_PUBLIC_LFRDB_DataDictionary.pdf;SE_Public_LFRDB_LF2.0.0/SE_Public_LFRDB_LF2.0.0.accdb
SW,https://landfire.gov/data-downloads/zip/LFRDBs_and_Photos/SW/SW_Public_LFRDB_LF2.0.0.zip,2026-10-08T17:01:39Z,"Fri, 20 Mar 2026 16:58:02 GMT",69331760,9e3d8b251280cf1362014c6e7604455d1cba67817cfe62d7518a3002ff60c0bc,SW_Public_LFRDB_LF2.0.0/;SW_Public_LFRDB_LF2.0.0/LFRemap_PUBLIC_LFRDB_DataDictionary.pdf;SW_Public_LFRDB_LF2.0.0/SW_Public_LFRDB_LF2.0.0.accdb
