ecosys,n,ecosys_lifeform
Mediterranean California Mixed Evergreen Forest,401,Tree
Southern California Coastal Scrub,365,Shrub
Northern and Central California Dry-Mesic Chaparral,325,Shrub
Southeastern Native Ruderal Forest,318,Tree
Inter-Mountain Basins Semi-Desert Grassland,292,Herb
"California Ruderal Grassland, Meadow & Scrub",290,Herb
Ozark-Ouachita Dry-Mesic Oak Forest,251,Tree
Southern Piedmont Dry Oak-(Pine) Forest,247,Tree
California Lower Montane Blue Oak-Foothill Pine Woodland and Savanna,214,Tree
California Coastal Redwood Forest,199,Tree
California Coastal Live Oak Woodland and Savanna,182,Tree
"Polynesian Ruderal Lowland Shrubland, Grassland & Savanna",161,Shrub
Temperate Pacific Tidal Salt and Brackish Marsh,150,Herb
Appalachian (Hemlock)-Northern Hardwood Forest,149,Tree
Southeastern Ruderal Grassland & Shrubland,147,Shrub
Northern California Coastal Scrub,146,Shrub
Northern & Central Native Ruderal Forest,142,Tree
Central Appalachian Dry Oak-Pine Forest,140,Tree
Inter-Mountain Basins Active and Stabilized Dune,135,Sparse
Ozark-Ouachita Riparian,126,Tree
Ozark-Ouachita Shortleaf Pine-Oak Forest and Woodland,121,Tree
Californian Ruderal Forest,120,Tree
Temperate Pacific Subalpine-Montane Wet Meadow,103,Herb
East Gulf Coastal Plain Northern Loess Bluff Forest,103,Tree
Laurentian-Acadian Wet Meadow-Shrub Swamp,97,Herb
California Coastal Closed-Cone Conifer Forest and Woodland,94,Tree
Inter-Mountain Basins Mixed Salt Desert Scrub,91,Shrub
Laurentian-Acadian Northern Hardwood Forest,89,Tree
Southern California Dry-Mesic Chaparral,89,Shrub
California Mesic Chaparral,75,Shrub
Mediterranean California Mixed Oak Woodland,71,Tree
Inter-Mountain Basins Semi-Desert Shrub-Steppe,70,Shrub
Central Interior Highlands Calcareous Glade and Barrens,69,Tree
Central Appalachian River Floodplain,65,Tree
None,65,N/A
Northern & Central Native Ruderal Flooded & Swamp Forest,63,Tree
Mediterranean California Foothill and Lower Montane Riparian Woodland and Shrubland,62,Tree
California Northern Coastal Grassland,56,Herb
North-Central Interior Dry-Mesic Oak Forest and Woodland,54,Tree
North-Central Interior Floodplain,48,Tree
Inter-Mountain Basins Montane Sagebrush Steppe,41,Shrub
California Xeric Serpentine Chaparral,40,Shrub
Eastern Great Plains Wet Meadow-Prairie-Marsh,39,Herb
Laurentian-Acadian Northern Pine-(Oak) Forest,39,Tree
Apacherian-Chihuahuan Semi-Desert Grassland and Steppe,37,Shrub
Western North American Boreal Mesic White Spruce-Hardwood Forest,36,Tree
Central Interior Highlands Dry Acidic Glade and Barrens,36,Tree
Central Appalachian Pine-Oak Rocky Woodland,33,Tree
Northern & Central Ruderal Wet Meadow & Marsh,33,Herb
North Pacific Oak Woodland,31,Tree
Central Mixedgrass Prairie,30,Herb
Mediterranean California Mesic Serpentine Woodland and Chaparral,30,Tree
Great Basin Pinyon-Juniper Woodland,30,Tree
Ozark-Ouachita Mesic Hardwood Forest,30,Tree
Inter-Mountain Basins Volcanic Rock and Cinder Land,29,Sparse
Chihuahuan Sandy Plains Semi-Desert Grassland,29,Herb
Edwards Plateau Limestone Savanna and Woodland,29,Tree
Southeastern Native Ruderal Flooded & Swamp Forest,29,Tree
North-Central Appalachian Acidic Cliff and Talus,29,Sparse
Mediterranean California Subalpine Meadow,28,Herb
Northern & Central Ruderal Meadow & Shrubland,28,Shrub
California Maritime Chaparral,28,Shrub
California Central Valley and Southern Coastal Grassland,27,Herb
Northeastern North American Temperate Forest Plantation,27,Tree
Atlantic Coastal Plain Streamhead Seepage Swamp-Pocosin-Baygall,27,Tree
Southern Atlantic Coastal Plain Maritime Forest,27,Tree
Laurentian Pine-Oak Barrens,27,Tree
Temperate Pacific Freshwater Emergent Marsh,26,Herb
Edwards Plateau Floodplain Terrace,26,Tree
Polynesian Ruderal Dry Woodland & Scrub,25,Tree
California Annual Grassland,25,Herb
Great Plains Comanchian Ruderal Grassland & Shrubland,24,Shrub
Southeastern Great Plains Tallgrass Prairie,23,Herb
Mediterranean California Lower Montane Black Oak-Conifer Forest and Woodland,23,Tree
South-Central Interior Mesophytic Forest,22,Tree
Micronesian Lowland Limestone Forest,22,Tree
Laurentian-Acadian Alkaline Conifer-Hardwood Swamp,21,Tree
Sierra Nevada Cliff and Canyon,21,Sparse
Laurentian-Acadian Floodplain Forest,20,Tree
Colorado Plateau Mixed Bedrock Canyon and Tableland,20,Sparse
Crosstimbers Oak Forest and Woodland,20,Tree
North Pacific Montane Shrubland,19,Shrub
Great Basin Foothill and Lower Montane Riparian Woodland and Shrubland,19,Tree
Northern Rocky Mountain Ponderosa Pine Woodland and Savanna,19,Tree
Western Great Plains Floodplain,17,Tree
Southeastern Great Plains Riparian Forest,17,Tree
Ozark-Ouachita Dry Oak Woodland,17,Tree
Laurentian-Acadian Freshwater Marsh,17,Herb
North-Central Interior Freshwater Marsh,16,Herb
Chihuahuan Stabilized Coppice Dune and Sand Flat Scrub,16,Shrub
Northern California Claypan Vernal Pool,15,Herb
Great Basin & Intermountain Introduced Annual and Biennial Forbland,14,Herb
Southern Piedmont Mesic Forest,14,Tree
Alaskan Pacific Mountain Hemlock Forest and Subalpine Woodland ,14,Tree
Southern Piedmont Small Floodplain and Riparian Forest,14,Tree
Northeastern Interior Dry-Mesic Oak Forest,13,Tree
Mediterranean California Northern Coastal Dune,13,Sparse
"Western North American Ruderal Wet Shrubland, Meadow & Marsh",13,Shrub
Western Great Plains Shortgrass Prairie,12,Herb
Inter-Mountain Basins Playa,12,Sparse
North Pacific Hypermaritime Western Red-cedar-Western Hemlock Forest,12,Tree
Mediterranean California Serpentine Foothill and Lower Montane Riparian Woodland and Seep,12,Tree
North-Central Interior and Appalachian Acidic Peatland,11,Tree
Mediterranean California Dry-Mesic Mixed Conifer Forest and Woodland,11,Tree
Colorado Plateau Mixed Low Sagebrush Shrubland,11,Shrub
Southeastern North American Temperate Forest Plantation,10,Tree
Southern California Oak Woodland and Savanna,10,Tree
North American Arid West Emergent Marsh,10,Herb
Inter-Mountain Basins Curl-leaf Mountain-mahogany Woodland and Shrubland,10,Tree
Central Appalachian Stream and Riparian,10,Tree
California Central Valley Mixed Oak Savanna,10,Tree
Northern Rocky Mountain Dry-Mesic Montane Mixed Conifer Forest,10,Tree
North Pacific Mountain Hemlock Forest,9,Tree
North-Central Interior Maple-Basswood Forest,9,Tree
Columbia Plateau Low Sagebrush Steppe,9,Shrub
Southern Atlantic Coastal Plain Wet Pine Savanna and Flatwoods,9,Tree
East Gulf Coastal Plain Small Stream and River Floodplain Forest,9,Tree
Mississippi River Riparian Forest,9,Tree
California Central Valley Riparian Woodland and Shrubland,8,Tree
Central Tallgrass Prairie,8,Herb
North Pacific Maritime Coastal Sand Dune Ruderal Scrub & Herb Vegetation,8,Shrub
Western Great Plains Sandhill Steppe,8,Shrub
Mediterranean California Coastal Bluff,8,Sparse
Alaskan Pacific-Aleutian Alder-Salmonberry-Copperbush Shrubland,8,Shrub
Southern Appalachian Oak Forest,7,Tree
Interior West Ruderal Riparian Forest & Scrub,7,Tree
Inter-Mountain Basins Big Sagebrush Steppe,7,Shrub
Boreal-Laurentian Conifer Acidic Swamp and Treed Poor Fen,7,Tree
Great Basin Xeric Mixed Sagebrush Shrubland,7,Shrub
Northern Rocky Mountain Montane-Foothill Deciduous Shrubland,7,Shrub
Laurentian-Acadian Pine-Hemlock-Hardwood Forest,7,Tree
Sonora-Mojave Semi-Desert Chaparral,7,Shrub
Alaskan Pacific Wet Low Shrubland & Floodplain Wetland,7,Shrub
Great Basin & Intermountain Introduced Perennial Grassland and Forbland,7,Herb
Western North American Boreal Mesic Bluejoint-Forb Meadow,7,Herb
Acadian-Appalachian Montane Spruce-Fir Forest,7,Tree
Southeastern Exotic Ruderal Forest,7,Tree
Laurentian Jack Pine-Red Pine Forest,6,Tree
Polynesian Ruderal Scrub & Herb Coastal Strand,6,Shrub
Great Basin & Intermountain Introduced Annual Grassland,6,Herb
Southern Atlantic Coastal Plain Dune and Maritime Grassland,6,Herb
Southern Atlantic Coastal Plain Nonriverine Swamp and Wet Hardwood Forest,6,Tree
Colorado Plateau Pinyon-Juniper Woodland,6,Tree
Central Interior Highlands and Appalachian Sinkhole and Depression Pond,6,Tree
Rocky Mountain Lower Montane-Foothill Shrubland,6,Shrub
Micronesian Swamp Forest,6,Tree
Inter-Mountain Basins Shale Badland,5,Sparse
North American Warm Desert Active and Stabilized Dune,5,Sparse
Tropical Open Lawn,5,Herb
Great Basin & Intermountain Ruderal Shrubland,5,Shrub
Southern Atlantic Coastal Plain Tidal Wooded Swamp,4,Tree
Western North American Boreal Shrub Swamp,4,Shrub
Southern Appalachian Montane Pine Forest and Woodland,4,Tree
Western Great Plains Mesquite Woodland and Shrubland,4,Shrub
Rocky Mountain Aspen Forest and Woodland,4,Tree
Southern Rocky Mountain Juniper Woodland and Savanna,4,Tree
Rocky Mountain Subalpine-Montane Riparian Woodland,4,Tree
Mediterranean California Southern Coastal Dune,4,Sparse
Northern & Central Plains Ruderal & Planted Grassland & Shrubland,4,Shrub
California Mesic Serpentine Grassland,4,Herb
North-Central Interior and Appalachian Rich Swamp,4,Tree
North-Central Interior Oak Savanna,4,Tree
North Pacific Montane Massive Bedrock-Cliff and Talus,4,Sparse
Inter-Mountain Basins Big Sagebrush Shrubland,3,Shrub
Great Basin Semi-Desert Chaparral,3,Shrub
Northern & Central Exotic Ruderal Forest,3,Tree
Southern Atlantic Coastal Plain Salt and Brackish Tidal Marsh,3,Herb
Central Atlantic Coastal Plain Wet Longleaf Pine Savanna and Flatwoods,3,Tree
Southern Coastal Plain Mesic Slope Forest,3,Tree
Western Great Plains Closed Depression Wetland,3,Herb
Boreal-Laurentian-Acadian Acidic Basin Fen,3,Shrub
Interior Western North American Temperate Ruderal Grassland & Shrubland,3,Shrub
Atlantic Coastal Plain Blackwater Stream Floodplain Forest,3,Tree
Western Great Plains Sand Prairie,3,Herb
Alaskan Pacific Sitka Spruce Forest and Beach Ridge,3,Tree
Western North American Boreal Mesic-Wet Black Spruce Forest and Woodland,3,Tree
Alaska Sub-boreal and Maritime Alpine Mesic Herbaceous Meadow,3,Herb
Inter-Mountain Basins Juniper Savanna,3,Tree
Southern Atlantic Coastal Plain Depression Pondshore,3,Herb
Micronesian Ravine and Riparian Forest,3,Tree
Micronesian Dry Coastal Strand,3,Sparse
Klamath-Siskiyou Xeromorphic Serpentine Savanna and Chaparral,2,Tree
Rocky Mountain Ruderal Forest,2,Tree
California Montane Jeffrey Pine-(Ponderosa Pine) Woodland,2,Tree
Southern Coastal Plain Nonriverine Cypress Dome,2,Tree
Klamath-Siskiyou Cliff and Outcrop,2,Sparse
Laurentian-Acadian Alkaline Fen,2,Shrub
Central California Coast Ranges Cliff and Canyon,2,Sparse
Central and Southern California Mixed Evergreen Woodland,2,Tree
Columbia Plateau Steppe and Grassland,2,Herb
Mississippi River High Floodplain (Bottomland) Forest,2,Tree
Rocky Mountain Lower Montane-Foothill Riparian Woodland and Shrubland,2,Tree
East Gulf Coastal Plain Southern Loess Bluff Forest,2,Tree
Alaskan Pacific-Aleutian Fen and Wet Meadow,2,Herb
North American Warm Desert Wash,2,Tree
Southern Rocky Mountain Montane-Subalpine Grassland,2,Herb
North Pacific Montane Grassland,2,Herb
Western North American Boreal Freshwater Emergent Marsh,2,Herb
South-Central Interior Large Floodplain,2,Tree
Hawai'i Dry-Site Lava Flow,2,Sparse
Hawai'i Montane-Subalpine Dry Shrubland,2,Shrub
Western North American Boreal Mesic Birch-Aspen Forest,2,Tree
Alaskan Pacific Floodplain Forest and Shrubland,2,Tree
Southeastern Ruderal Wet Meadow & Marsh,2,Herb
Rocky Mountain Subalpine Mesic-Wet Spruce-Fir Forest and Woodland,2,Tree
Alaskan Pacific Alpine-Subalpine Dwarf-shrubland & Heath,2,Shrub
Atlantic Coastal Plain Small Blackwater River Floodplain Forest,1,Tree
Western North American Boreal Wet Meadow,1,Herb
Boreal-Laurentian Bog,1,Shrub
Northeastern Interior Calcareous Oak Forest,1,Tree
Atlantic Coastal Plain Upland Longleaf Pine Woodland,1,Tree
Western North American Boreal Mesic Scrub Birch-Willow Shrubland,1,Shrub
North-Central Interior Wet Meadow-Shrub Swamp,1,Shrub
Atlantic Coastal Plain Indian River Lagoon Tidal Marsh,1,Herb
Mojave Mid-Elevation Mixed Desert Scrub,1,Shrub
Alaskan Pacific Maritime Mesic Herbaceous Meadow,1,Herb
Southern Vancouverian Lowland Ruderal Grassland & Shrubland,1,Shrub
Western Great Plains Riparian,1,Tree
Rocky Mountain Subalpine-Montane Riparian Shrubland,1,Shrub
Southern Coastal Plain Hydric Hammock,1,Tree
Southern Rocky Mountain Dry-Mesic Montane Mixed Conifer Forest and Woodland,1,Tree
California Montane Woodland and Chaparral,1,Shrub
Introduced Upland Vegetation-Treed,1,Tree
Rocky Mountain Subalpine-Montane Mesic Meadow,1,Herb
Inter-Mountain Basins Subalpine Limber-Bristlecone Pine Woodland,1,Tree
South-Central Interior Small Stream and Riparian,1,Tree
Southeastern Great Plains Floodplain Forest,1,Tree
Rocky Mountain Subalpine Dry-Mesic Spruce-Fir Forest and Woodland,1,Tree
Inter-Mountain Basins Aspen-Mixed Conifer Forest and Woodland,1,Tree
Hawai'i Dry Cliff,1,Sparse
Hawai'i Alpine Dwarf-Shrubland,1,Shrub
Southern Appalachian Montane Cliff and Talus,1,Sparse
Southern Appalachian Northern Hardwood Forest,1,Tree
Floridian Highlands Freshwater Marsh,1,Herb
East-Central Texas Plains Post Oak Savanna and Woodland,1,Tree
East Cascades Mesic Montane Mixed-Conifer Forest and Woodland,1,Tree
Cultivated Crops and Irrigated Agriculture,1,Herb
Laurentian-Acadian Sub-boreal Dry-Mesic Pine-Black Spruce-Hardwood Forest,1,Tree
Southern Coastal Plain Oak Dome and Hammock,1,Tree
Acadian Low-Elevation Spruce-Fir-Hardwood Forest,1,Tree
