als_site_id,product_name_AWS,plot_lat,plot_lon,status,n_points,error,path
USGS_LPC_CA_SoCal_Wildfires_B1_2018_LAS_2019__33.81027_-116.76745,USGS_LPC_CA_SoCal_Wildfires_B1_2018_LAS_2019,33.81027,-116.76745,ok,419246,,/ocean/projects/bio260075p/sammlapp/eagle/cache/sites/cookies/e9/USGS_LPC_CA_SoCal_Wildfires_B1_2018_LAS_2019__33.81027_-116.76745.npz
CA_FEMAR9Fresno_2_2019__37.09900_-119.73500,CA_FEMAR9Fresno_2_2019,37.099,-119.735,ok,442827,,/ocean/projects/bio260075p/sammlapp/eagle/cache/sites/cookies/e0/CA_FEMAR9Fresno_2_2019__37.09900_-119.73500.npz
CA_SierraNevada_5_2022__38.96656_-120.08741,CA_SierraNevada_5_2022,38.9665551,-120.0874054,ok,756356,,/ocean/projects/bio260075p/sammlapp/eagle/cache/sites/cookies/e8/CA_SierraNevada_5_2022__38.96656_-120.08741.npz
CA_SierraNevada_12_B22__38.17417_-120.00501,CA_SierraNevada_12_B22,38.17416654,-120.0050145,ok,778986,,/ocean/projects/bio260075p/sammlapp/eagle/cache/sites/cookies/26/CA_SierraNevada_12_B22__38.17417_-120.00501.npz
CA_SierraNevada_12_B22__38.17226_-120.00720,CA_SierraNevada_12_B22,38.17225873,-120.0071953,ok,741950,,/ocean/projects/bio260075p/sammlapp/eagle/cache/sites/cookies/4b/CA_SierraNevada_12_B22__38.17226_-120.00720.npz
CA_SierraNevada_12_B22__38.18034_-119.98298,CA_SierraNevada_12_B22,38.1803387,-119.9829834,empty,0,No points returned for this location.,/ocean/projects/bio260075p/sammlapp/eagle/cache/sites/cookies/dd/CA_SierraNevada_12_B22__38.18034_-119.98298.npz
CA_SierraNevada_12_B22__38.17830_-119.98927,CA_SierraNevada_12_B22,38.17829944,-119.9892695,ok,760063,,/ocean/projects/bio260075p/sammlapp/eagle/cache/sites/cookies/b2/CA_SierraNevada_12_B22__38.17830_-119.98927.npz
CA_SierraNevada_12_B22__38.17894_-119.98531,CA_SierraNevada_12_B22,38.1789409,-119.9853098,ok,81353,,/ocean/projects/bio260075p/sammlapp/eagle/cache/sites/cookies/fb/CA_SierraNevada_12_B22__38.17894_-119.98531.npz
CA_SierraNevada_12_B22__38.17643_-120.00500,CA_SierraNevada_12_B22,38.17642955,-120.0049954,ok,805087,,/ocean/projects/bio260075p/sammlapp/eagle/cache/sites/cookies/71/CA_SierraNevada_12_B22__38.17643_-120.00500.npz
CA_SierraNevada_12_B22__38.17826_-119.99233,CA_SierraNevada_12_B22,38.17826225,-119.9923284,ok,728032,,/ocean/projects/bio260075p/sammlapp/eagle/cache/sites/cookies/0b/CA_SierraNevada_12_B22__38.17826_-119.99233.npz
CA_SierraNevada_12_B22__38.17589_-120.00311,CA_SierraNevada_12_B22,38.17588574,-120.0031101,ok,850495,,/ocean/projects/bio260075p/sammlapp/eagle/cache/sites/cookies/55/CA_SierraNevada_12_B22__38.17589_-120.00311.npz
CA_NorthernCA_5_B22__40.76750_-123.86900,CA_NorthernCA_5_B22,40.76749905,-123.8690036,ok,2263994,,/ocean/projects/bio260075p/sammlapp/eagle/cache/sites/cookies/0f/CA_NorthernCA_5_B22__40.76750_-123.86900.npz
CA_NorthernCA_5_B22__40.77547_-123.86873,CA_NorthernCA_5_B22,40.77546583,-123.8687275,ok,3505886,,/ocean/projects/bio260075p/sammlapp/eagle/cache/sites/cookies/0a/CA_NorthernCA_5_B22__40.77547_-123.86873.npz
CA_SierraNevada_4_2022__40.12982_-121.11493,CA_SierraNevada_4_2022,40.129818,-121.1149254,ok,1213338,,/ocean/projects/bio260075p/sammlapp/eagle/cache/sites/cookies/83/CA_SierraNevada_4_2022__40.12982_-121.11493.npz
CA_CarrHirzDeltaFires_1_2019__41.02333_-122.54199,CA_CarrHirzDeltaFires_1_2019,41.02332913,-122.5419861,ok,1251375,,/ocean/projects/bio260075p/sammlapp/eagle/cache/sites/cookies/18/CA_CarrHirzDeltaFires_1_2019__41.02333_-122.54199.npz
CA_SierraNevada_11_B22__37.23681_-119.42141,CA_SierraNevada_11_B22,37.23680747,-119.4214098,ok,1438347,,/ocean/projects/bio260075p/sammlapp/eagle/cache/sites/cookies/21/CA_SierraNevada_11_B22__37.23681_-119.42141.npz
USGS_LPC_CA_NoCAL_Wildfires_B4_2018__40.30063_-123.56324,USGS_LPC_CA_NoCAL_Wildfires_B4_2018,40.30062839,-123.5632408,ok,296124,,/ocean/projects/bio260075p/sammlapp/eagle/cache/sites/cookies/07/USGS_LPC_CA_NoCAL_Wildfires_B4_2018__40.30063_-123.56324.npz
CA_SierraNevada_11_B22__37.26609_-119.41220,CA_SierraNevada_11_B22,37.26609412,-119.4122016,ok,1519074,,/ocean/projects/bio260075p/sammlapp/eagle/cache/sites/cookies/9e/CA_SierraNevada_11_B22__37.26609_-119.41220.npz
USGS_LPC_CA_NoCAL_Wildfires_B4_2018__40.30051_-123.56864,USGS_LPC_CA_NoCAL_Wildfires_B4_2018,40.30051415,-123.5686384,ok,227525,,/ocean/projects/bio260075p/sammlapp/eagle/cache/sites/cookies/b3/USGS_LPC_CA_NoCAL_Wildfires_B4_2018__40.30051_-123.56864.npz
CA_CarrHirzDeltaFires_1_2019__41.03446_-122.53663,CA_CarrHirzDeltaFires_1_2019,41.03446244,-122.5366285,ok,956109,,/ocean/projects/bio260075p/sammlapp/eagle/cache/sites/cookies/95/CA_CarrHirzDeltaFires_1_2019__41.03446_-122.53663.npz
OR_WWildfires_1_A22__44.66331_-123.68850,OR_WWildfires_1_A22,44.66331258,-123.68850043,ok,655005,,/ocean/projects/bio260075p/sammlapp/eagle/cache/sites/cookies/82/OR_WWildfires_1_A22__44.66331_-123.68850.npz
OR_McKenzieRiver_1_2021__44.10925_-122.86822,OR_McKenzieRiver_1_2021,44.10924544,-122.8682236,ok,726334,,/ocean/projects/bio260075p/sammlapp/eagle/cache/sites/cookies/87/OR_McKenzieRiver_1_2021__44.10925_-122.86822.npz
CA_SierraNevada_2_2022__38.90551_-120.66535,CA_SierraNevada_2_2022,38.90550568,-120.6653521,ok,1848033,,/ocean/projects/bio260075p/sammlapp/eagle/cache/sites/cookies/eb/CA_SierraNevada_2_2022__38.90551_-120.66535.npz
CA_SierraNevada_2_2022__38.89917_-120.65128,CA_SierraNevada_2_2022,38.89916955,-120.6512818,ok,1750505,,/ocean/projects/bio260075p/sammlapp/eagle/cache/sites/cookies/80/CA_SierraNevada_2_2022__38.89917_-120.65128.npz
CA_SierraNevada_2_2022__38.89693_-120.64494,CA_SierraNevada_2_2022,38.89692557,-120.644938,ok,1082494,,/ocean/projects/bio260075p/sammlapp/eagle/cache/sites/cookies/0a/CA_SierraNevada_2_2022__38.89693_-120.64494.npz
CA_SierraNevada_2_2022__38.89687_-120.64782,CA_SierraNevada_2_2022,38.89687035,-120.6478172,ok,1190851,,/ocean/projects/bio260075p/sammlapp/eagle/cache/sites/cookies/dd/CA_SierraNevada_2_2022__38.89687_-120.64782.npz
USGS_LPC_CA_LongValleyCaldera_2017_LAS_2018__37.76286_-118.73251,USGS_LPC_CA_LongValleyCaldera_2017_LAS_2018,37.76285506,-118.7325084,empty,0,No points returned for this location.,/ocean/projects/bio260075p/sammlapp/eagle/cache/sites/cookies/05/USGS_LPC_CA_LongValleyCaldera_2017_LAS_2018__37.76286_-118.73251.npz
CA_NorthCoastRanges_2_B23__38.82036_-122.68557,CA_NorthCoastRanges_2_B23,38.82036188,-122.685573,ok,660304,,/ocean/projects/bio260075p/sammlapp/eagle/cache/sites/cookies/e4/CA_NorthCoastRanges_2_B23__38.82036_-122.68557.npz
CA_SierraNevada_5_2022__38.59258_-120.44120,CA_SierraNevada_5_2022,38.59258,-120.4412,ok,1001550,,/ocean/projects/bio260075p/sammlapp/eagle/cache/sites/cookies/62/CA_SierraNevada_5_2022__38.59258_-120.44120.npz
CA_CarrHirzDeltaFires_1_2019__41.03387_-122.53962,CA_CarrHirzDeltaFires_1_2019,41.03387272,-122.5396237,ok,1090767,,/ocean/projects/bio260075p/sammlapp/eagle/cache/sites/cookies/6a/CA_CarrHirzDeltaFires_1_2019__41.03387_-122.53962.npz
CA_SierraNevada_4_2022__40.12848_-121.11428,CA_SierraNevada_4_2022,40.12847997,-121.1142844,ok,798382,,/ocean/projects/bio260075p/sammlapp/eagle/cache/sites/cookies/2c/CA_SierraNevada_4_2022__40.12848_-121.11428.npz
CA_SierraNevada_4_2022__39.47798_-120.99847,CA_SierraNevada_4_2022,39.47797902,-120.9984672,ok,1610541,,/ocean/projects/bio260075p/sammlapp/eagle/cache/sites/cookies/76/CA_SierraNevada_4_2022__39.47798_-120.99847.npz
CA_SierraNevada_4_2022__39.50526_-120.87597,CA_SierraNevada_4_2022,39.50526235,-120.8759729,ok,1072516,,/ocean/projects/bio260075p/sammlapp/eagle/cache/sites/cookies/70/CA_SierraNevada_4_2022__39.50526_-120.87597.npz
WA_CentralWildfire_2_D22__46.83042_-121.01090,WA_CentralWildfire_2_D22,46.83042114,-121.0109036,ok,738889,,/ocean/projects/bio260075p/sammlapp/eagle/cache/sites/cookies/5b/WA_CentralWildfire_2_D22__46.83042_-121.01090.npz
WA_CentralWildfire_1_D22__48.38587_-119.90268,WA_CentralWildfire_1_D22,48.38586568,-119.9026752,ok,765092,,/ocean/projects/bio260075p/sammlapp/eagle/cache/sites/cookies/ec/WA_CentralWildfire_1_D22__48.38587_-119.90268.npz
WA_CentralWildfire_1_D22__48.39832_-119.90254,WA_CentralWildfire_1_D22,48.39832311,-119.902544,ok,1041023,,/ocean/projects/bio260075p/sammlapp/eagle/cache/sites/cookies/04/WA_CentralWildfire_1_D22__48.39832_-119.90254.npz
WA_CentralWildfire_1_D22__48.57197_-120.25406,WA_CentralWildfire_1_D22,48.57197394,-120.2540633,ok,521801,,/ocean/projects/bio260075p/sammlapp/eagle/cache/sites/cookies/2b/WA_CentralWildfire_1_D22__48.57197_-120.25406.npz
WA_CentralWildfire_1_D22__48.57666_-120.25133,WA_CentralWildfire_1_D22,48.57666211,-120.2513279,ok,597024,,/ocean/projects/bio260075p/sammlapp/eagle/cache/sites/cookies/16/WA_CentralWildfire_1_D22__48.57666_-120.25133.npz
WA_CentralWildfire_1_D22__48.57743_-120.25709,WA_CentralWildfire_1_D22,48.57743112,-120.2570931,ok,698826,,/ocean/projects/bio260075p/sammlapp/eagle/cache/sites/cookies/54/WA_CentralWildfire_1_D22__48.57743_-120.25709.npz
WA_CentralWildfire_1_D22__48.57995_-120.25539,WA_CentralWildfire_1_D22,48.57994567,-120.2553886,ok,539148,,/ocean/projects/bio260075p/sammlapp/eagle/cache/sites/cookies/e7/WA_CentralWildfire_1_D22__48.57995_-120.25539.npz
CA_SierraNevada_4_2022__39.49386_-120.88754,CA_SierraNevada_4_2022,39.49386238,-120.8875371,ok,1148076,,/ocean/projects/bio260075p/sammlapp/eagle/cache/sites/cookies/90/CA_SierraNevada_4_2022__39.49386_-120.88754.npz
CA_SierraNevada_4_2022__39.49757_-120.88203,CA_SierraNevada_4_2022,39.49757454,-120.8820283,ok,1063083,,/ocean/projects/bio260075p/sammlapp/eagle/cache/sites/cookies/97/CA_SierraNevada_4_2022__39.49757_-120.88203.npz
CA_SierraNevada_4_2022__39.50125_-121.05436,CA_SierraNevada_4_2022,39.50125484,-121.0543555,ok,1462460,,/ocean/projects/bio260075p/sammlapp/eagle/cache/sites/cookies/4e/CA_SierraNevada_4_2022__39.50125_-121.05436.npz
CA_SierraNevada_5_2022__39.41157_-120.41942,CA_SierraNevada_5_2022,39.41157457,-120.4194229,ok,910023,,/ocean/projects/bio260075p/sammlapp/eagle/cache/sites/cookies/1f/CA_SierraNevada_5_2022__39.41157_-120.41942.npz
CA_SierraNevada_6_2022__39.59875_-120.67055,CA_SierraNevada_6_2022,39.59874681,-120.6705542,ok,1249184,,/ocean/projects/bio260075p/sammlapp/eagle/cache/sites/cookies/8f/CA_SierraNevada_6_2022__39.59875_-120.67055.npz
CA_SierraNevada_6_2022__39.59390_-120.66933,CA_SierraNevada_6_2022,39.59389574,-120.6693277,ok,825445,,/ocean/projects/bio260075p/sammlapp/eagle/cache/sites/cookies/9b/CA_SierraNevada_6_2022__39.59390_-120.66933.npz
CA_SierraNevada_6_2022__39.59336_-120.66626,CA_SierraNevada_6_2022,39.59335503,-120.6662572,ok,1448655,,/ocean/projects/bio260075p/sammlapp/eagle/cache/sites/cookies/ae/CA_SierraNevada_6_2022__39.59336_-120.66626.npz
CA_SierraNevada_5_2022__39.42285_-120.44709,CA_SierraNevada_5_2022,39.42285224,-120.4470938,ok,1046696,,/ocean/projects/bio260075p/sammlapp/eagle/cache/sites/cookies/e8/CA_SierraNevada_5_2022__39.42285_-120.44709.npz
CA_SierraNevada_5_2022__39.41206_-120.43568,CA_SierraNevada_5_2022,39.41205928,-120.4356753,ok,1030194,,/ocean/projects/bio260075p/sammlapp/eagle/cache/sites/cookies/cb/CA_SierraNevada_5_2022__39.41206_-120.43568.npz
CA_SierraNevada_5_2022__39.43251_-120.44164,CA_SierraNevada_5_2022,39.43250668,-120.4416445,ok,1154269,,/ocean/projects/bio260075p/sammlapp/eagle/cache/sites/cookies/88/CA_SierraNevada_5_2022__39.43251_-120.44164.npz
CA_SierraNevada_5_2022__39.42806_-120.44667,CA_SierraNevada_5_2022,39.42805618,-120.4466749,ok,972148,,/ocean/projects/bio260075p/sammlapp/eagle/cache/sites/cookies/58/CA_SierraNevada_5_2022__39.42806_-120.44667.npz
CA_SierraNevada_5_2022__38.69317_-119.99681,CA_SierraNevada_5_2022,38.69317009,-119.9968136,ok,984989,,/ocean/projects/bio260075p/sammlapp/eagle/cache/sites/cookies/c4/CA_SierraNevada_5_2022__38.69317_-119.99681.npz
CA_SierraNevada_6_2022__39.40070_-120.12043,CA_SierraNevada_6_2022,39.40069816,-120.1204261,ok,861239,,/ocean/projects/bio260075p/sammlapp/eagle/cache/sites/cookies/01/CA_SierraNevada_6_2022__39.40070_-120.12043.npz
CA_SierraNevada_6_2022__39.40634_-120.18627,CA_SierraNevada_6_2022,39.40633799,-120.1862675,ok,806546,,/ocean/projects/bio260075p/sammlapp/eagle/cache/sites/cookies/17/CA_SierraNevada_6_2022__39.40634_-120.18627.npz
CA_SierraNevada_6_2022__39.50477_-120.24979,CA_SierraNevada_6_2022,39.50476984,-120.2497948,ok,971659,,/ocean/projects/bio260075p/sammlapp/eagle/cache/sites/cookies/5a/CA_SierraNevada_6_2022__39.50477_-120.24979.npz
CA_SierraNevada_6_2022__39.50846_-120.22314,CA_SierraNevada_6_2022,39.50846096,-120.2231387,ok,807685,,/ocean/projects/bio260075p/sammlapp/eagle/cache/sites/cookies/e7/CA_SierraNevada_6_2022__39.50846_-120.22314.npz
CA_SierraNevada_6_2022__39.37817_-120.18136,CA_SierraNevada_6_2022,39.37817113,-120.1813633,ok,848657,,/ocean/projects/bio260075p/sammlapp/eagle/cache/sites/cookies/11/CA_SierraNevada_6_2022__39.37817_-120.18136.npz
CA_SierraNevada_6_2022__39.40546_-120.17683,CA_SierraNevada_6_2022,39.40545646,-120.1768331,ok,782886,,/ocean/projects/bio260075p/sammlapp/eagle/cache/sites/cookies/ce/CA_SierraNevada_6_2022__39.40546_-120.17683.npz
CA_SierraNevada_6_2022__39.40944_-120.10699,CA_SierraNevada_6_2022,39.40944408,-120.1069895,ok,840541,,/ocean/projects/bio260075p/sammlapp/eagle/cache/sites/cookies/9a/CA_SierraNevada_6_2022__39.40944_-120.10699.npz
CA_SierraNevada_6_2022__39.51202_-120.22565,CA_SierraNevada_6_2022,39.51201942,-120.2256518,ok,826058,,/ocean/projects/bio260075p/sammlapp/eagle/cache/sites/cookies/9e/CA_SierraNevada_6_2022__39.51202_-120.22565.npz
CA_SierraNevada_4_2022__39.49768_-120.88556,CA_SierraNevada_4_2022,39.49768352,-120.8855599,ok,1391563,,/ocean/projects/bio260075p/sammlapp/eagle/cache/sites/cookies/67/CA_SierraNevada_4_2022__39.49768_-120.88556.npz
CA_SierraNevada_4_2022__39.50605_-120.87781,CA_SierraNevada_4_2022,39.50605276,-120.877812,ok,1089434,,/ocean/projects/bio260075p/sammlapp/eagle/cache/sites/cookies/0a/CA_SierraNevada_4_2022__39.50605_-120.87781.npz
CA_SierraNevada_4_2022__39.50550_-121.06715,CA_SierraNevada_4_2022,39.50550065,-121.0671496,ok,1360107,,/ocean/projects/bio260075p/sammlapp/eagle/cache/sites/cookies/92/CA_SierraNevada_4_2022__39.50550_-121.06715.npz
CA_SierraNevada_6_2022__39.62556_-120.62221,CA_SierraNevada_6_2022,39.62556287,-120.6222068,ok,1039789,,/ocean/projects/bio260075p/sammlapp/eagle/cache/sites/cookies/e1/CA_SierraNevada_6_2022__39.62556_-120.62221.npz
CA_SierraNevada_6_2022__39.50171_-120.49442,CA_SierraNevada_6_2022,39.5017067,-120.4944188,ok,1043046,,/ocean/projects/bio260075p/sammlapp/eagle/cache/sites/cookies/b2/CA_SierraNevada_6_2022__39.50171_-120.49442.npz
CA_SierraNevada_6_2022__39.50477_-120.49607,CA_SierraNevada_6_2022,39.50476921,-120.4960689,ok,897919,,/ocean/projects/bio260075p/sammlapp/eagle/cache/sites/cookies/da/CA_SierraNevada_6_2022__39.50477_-120.49607.npz
CA_SierraNevada_6_2022__39.64965_-120.63266,CA_SierraNevada_6_2022,39.64964673,-120.632661,ok,1182935,,/ocean/projects/bio260075p/sammlapp/eagle/cache/sites/cookies/c2/CA_SierraNevada_6_2022__39.64965_-120.63266.npz
CA_SierraNevada_6_2022__39.62898_-120.61875,CA_SierraNevada_6_2022,39.62897756,-120.6187475,ok,1249612,,/ocean/projects/bio260075p/sammlapp/eagle/cache/sites/cookies/3b/CA_SierraNevada_6_2022__39.62898_-120.61875.npz
CA_SierraNevada_4_2022__39.51094_-120.80855,CA_SierraNevada_4_2022,39.51094271,-120.8085467,ok,1171162,,/ocean/projects/bio260075p/sammlapp/eagle/cache/sites/cookies/03/CA_SierraNevada_4_2022__39.51094_-120.80855.npz
CA_SierraNevada_4_2022__39.50511_-120.87838,CA_SierraNevada_4_2022,39.50511273,-120.8783824,ok,1048518,,/ocean/projects/bio260075p/sammlapp/eagle/cache/sites/cookies/79/CA_SierraNevada_4_2022__39.50511_-120.87838.npz
CA_SierraNevada_4_2022__39.52181_-120.81063,CA_SierraNevada_4_2022,39.52181089,-120.8106321,ok,1120562,,/ocean/projects/bio260075p/sammlapp/eagle/cache/sites/cookies/b2/CA_SierraNevada_4_2022__39.52181_-120.81063.npz
CA_SierraNevada_4_2022__39.48801_-121.04931,CA_SierraNevada_4_2022,39.48801432,-121.0493055,ok,989397,,/ocean/projects/bio260075p/sammlapp/eagle/cache/sites/cookies/b9/CA_SierraNevada_4_2022__39.48801_-121.04931.npz
CA_SierraNevada_4_2022__39.52172_-120.81270,CA_SierraNevada_4_2022,39.52171999,-120.8126955,ok,1426777,,/ocean/projects/bio260075p/sammlapp/eagle/cache/sites/cookies/e2/CA_SierraNevada_4_2022__39.52172_-120.81270.npz
CA_SierraNevada_4_2022__39.50977_-120.86502,CA_SierraNevada_4_2022,39.5097676,-120.8650221,ok,1309170,,/ocean/projects/bio260075p/sammlapp/eagle/cache/sites/cookies/82/CA_SierraNevada_4_2022__39.50977_-120.86502.npz
CA_SierraNevada_1_2022__39.47722_-121.07206,CA_SierraNevada_1_2022,39.47721646,-121.0720579,empty,0,No points returned for this location.,/ocean/projects/bio260075p/sammlapp/eagle/cache/sites/cookies/02/CA_SierraNevada_1_2022__39.47722_-121.07206.npz
CA_SierraNevada_4_2022__39.49498_-121.04117,CA_SierraNevada_4_2022,39.49498148,-121.0411674,ok,1086878,,/ocean/projects/bio260075p/sammlapp/eagle/cache/sites/cookies/0a/CA_SierraNevada_4_2022__39.49498_-121.04117.npz
CA_SierraNevada_4_2022__39.49570_-121.05812,CA_SierraNevada_4_2022,39.49569986,-121.0581191,ok,1332092,,/ocean/projects/bio260075p/sammlapp/eagle/cache/sites/cookies/57/CA_SierraNevada_4_2022__39.49570_-121.05812.npz
CA_SierraNevada_6_2022__39.51150_-120.47711,CA_SierraNevada_6_2022,39.51150015,-120.4771132,ok,985770,,/ocean/projects/bio260075p/sammlapp/eagle/cache/sites/cookies/eb/CA_SierraNevada_6_2022__39.51150_-120.47711.npz
CA_SierraNevada_4_2022__39.52323_-120.81086,CA_SierraNevada_4_2022,39.52322802,-120.8108632,ok,1057372,,/ocean/projects/bio260075p/sammlapp/eagle/cache/sites/cookies/a7/CA_SierraNevada_4_2022__39.52323_-120.81086.npz
CA_SierraNevada_4_2022__39.48048_-121.06569,CA_SierraNevada_4_2022,39.48047942,-121.0656917,ok,901001,,/ocean/projects/bio260075p/sammlapp/eagle/cache/sites/cookies/10/CA_SierraNevada_4_2022__39.48048_-121.06569.npz
CA_SierraNevada_4_2022__39.52905_-120.81505,CA_SierraNevada_4_2022,39.52905269,-120.8150523,ok,973342,,/ocean/projects/bio260075p/sammlapp/eagle/cache/sites/cookies/ce/CA_SierraNevada_4_2022__39.52905_-120.81505.npz
CA_SierraNevada_4_2022__39.52055_-120.81122,CA_SierraNevada_4_2022,39.52054621,-120.8112169,ok,1215443,,/ocean/projects/bio260075p/sammlapp/eagle/cache/sites/cookies/60/CA_SierraNevada_4_2022__39.52055_-120.81122.npz
CA_SierraNevada_4_2022__39.50503_-120.86963,CA_SierraNevada_4_2022,39.50502992,-120.8696291,ok,1161103,,/ocean/projects/bio260075p/sammlapp/eagle/cache/sites/cookies/fc/CA_SierraNevada_4_2022__39.50503_-120.86963.npz
CA_SierraNevada_6_2022__39.50292_-120.46348,CA_SierraNevada_6_2022,39.5029217,-120.4634839,ok,962848,,/ocean/projects/bio260075p/sammlapp/eagle/cache/sites/cookies/e4/CA_SierraNevada_6_2022__39.50292_-120.46348.npz
CA_SierraNevada_1_2022__39.47452_-121.08174,CA_SierraNevada_1_2022,39.47451534,-121.0817448,ok,472213,,/ocean/projects/bio260075p/sammlapp/eagle/cache/sites/cookies/65/CA_SierraNevada_1_2022__39.47452_-121.08174.npz
CA_SierraNevada_4_2022__39.47830_-121.06070,CA_SierraNevada_4_2022,39.478297,-121.0606976,ok,982476,,/ocean/projects/bio260075p/sammlapp/eagle/cache/sites/cookies/13/CA_SierraNevada_4_2022__39.47830_-121.06070.npz
CA_SierraNevada_1_2022__39.41843_-121.10977,CA_SierraNevada_1_2022,39.41843382,-121.1097749,ok,1224019,,/ocean/projects/bio260075p/sammlapp/eagle/cache/sites/cookies/0d/CA_SierraNevada_1_2022__39.41843_-121.10977.npz
CA_SierraNevada_1_2022__39.41954_-121.11076,CA_SierraNevada_1_2022,39.41954263,-121.1107609,ok,1084725,,/ocean/projects/bio260075p/sammlapp/eagle/cache/sites/cookies/0d/CA_SierraNevada_1_2022__39.41954_-121.11076.npz
CA_SierraNevada_1_2022__39.42277_-121.11443,CA_SierraNevada_1_2022,39.42276911,-121.1144291,ok,1165127,,/ocean/projects/bio260075p/sammlapp/eagle/cache/sites/cookies/b2/CA_SierraNevada_1_2022__39.42277_-121.11443.npz
CA_SierraNevada_1_2022__39.41966_-121.11415,CA_SierraNevada_1_2022,39.41965566,-121.1141511,ok,878567,,/ocean/projects/bio260075p/sammlapp/eagle/cache/sites/cookies/bc/CA_SierraNevada_1_2022__39.41966_-121.11415.npz
CA_SierraNevada_1_2022__39.41963_-121.11293,CA_SierraNevada_1_2022,39.41962574,-121.1129305,ok,1001098,,/ocean/projects/bio260075p/sammlapp/eagle/cache/sites/cookies/23/CA_SierraNevada_1_2022__39.41963_-121.11293.npz
CA_SierraNevada_2_2022__39.19934_-120.90529,CA_SierraNevada_2_2022,39.199336,-120.905293,ok,1063796,,/ocean/projects/bio260075p/sammlapp/eagle/cache/sites/cookies/ad/CA_SierraNevada_2_2022__39.19934_-120.90529.npz
CA_SierraNevada_6_2022__39.61400_-120.49048,CA_SierraNevada_6_2022,39.61400385,-120.49048,ok,1230133,,/ocean/projects/bio260075p/sammlapp/eagle/cache/sites/cookies/30/CA_SierraNevada_6_2022__39.61400_-120.49048.npz
CA_SierraNevada_4_2022__39.50783_-120.78727,CA_SierraNevada_4_2022,39.50783255,-120.7872723,ok,1260255,,/ocean/projects/bio260075p/sammlapp/eagle/cache/sites/cookies/c9/CA_SierraNevada_4_2022__39.50783_-120.78727.npz
CA_SierraNevada_4_2022__39.50755_-120.79138,CA_SierraNevada_4_2022,39.50754625,-120.7913753,ok,1578982,,/ocean/projects/bio260075p/sammlapp/eagle/cache/sites/cookies/50/CA_SierraNevada_4_2022__39.50755_-120.79138.npz
CA_SierraNevada_4_2022__39.50734_-120.78240,CA_SierraNevada_4_2022,39.50734115,-120.7823975,ok,1350744,,/ocean/projects/bio260075p/sammlapp/eagle/cache/sites/cookies/2b/CA_SierraNevada_4_2022__39.50734_-120.78240.npz
CA_SierraNevada_6_2022__39.65859_-120.48149,CA_SierraNevada_6_2022,39.65859275,-120.4814903,ok,978978,,/ocean/projects/bio260075p/sammlapp/eagle/cache/sites/cookies/38/CA_SierraNevada_6_2022__39.65859_-120.48149.npz
CA_SierraNevada_4_2022__39.49502_-120.76470,CA_SierraNevada_4_2022,39.49501926,-120.7647025,ok,1362393,,/ocean/projects/bio260075p/sammlapp/eagle/cache/sites/cookies/14/CA_SierraNevada_4_2022__39.49502_-120.76470.npz
CA_SierraNevada_4_2022__39.60139_-120.90838,CA_SierraNevada_4_2022,39.6013933,-120.908377,ok,1138217,,/ocean/projects/bio260075p/sammlapp/eagle/cache/sites/cookies/2c/CA_SierraNevada_4_2022__39.60139_-120.90838.npz
CA_SierraNevada_4_2022__39.64637_-120.86379,CA_SierraNevada_4_2022,39.64637235,-120.8637878,ok,1330894,,/ocean/projects/bio260075p/sammlapp/eagle/cache/sites/cookies/8e/CA_SierraNevada_4_2022__39.64637_-120.86379.npz
CA_SierraNevada_4_2022__39.64517_-120.87475,CA_SierraNevada_4_2022,39.64517106,-120.8747459,ok,1061382,,/ocean/projects/bio260075p/sammlapp/eagle/cache/sites/cookies/d5/CA_SierraNevada_4_2022__39.64517_-120.87475.npz
CA_SierraNevada_4_2022__39.60389_-120.89605,CA_SierraNevada_4_2022,39.60388598,-120.8960474,ok,1282951,,/ocean/projects/bio260075p/sammlapp/eagle/cache/sites/cookies/6c/CA_SierraNevada_4_2022__39.60389_-120.89605.npz
CA_SierraNevada_4_2022__39.54538_-120.98792,CA_SierraNevada_4_2022,39.54538181,-120.9879245,ok,1010061,,/ocean/projects/bio260075p/sammlapp/eagle/cache/sites/cookies/8f/CA_SierraNevada_4_2022__39.54538_-120.98792.npz
CA_SierraNevada_4_2022__39.50573_-120.82414,CA_SierraNevada_4_2022,39.50573039,-120.8241391,ok,1205855,,/ocean/projects/bio260075p/sammlapp/eagle/cache/sites/cookies/c4/CA_SierraNevada_4_2022__39.50573_-120.82414.npz
CA_SierraNevada_4_2022__39.52497_-121.02152,CA_SierraNevada_4_2022,39.5249717,-121.0215198,ok,1442329,,/ocean/projects/bio260075p/sammlapp/eagle/cache/sites/cookies/43/CA_SierraNevada_4_2022__39.52497_-121.02152.npz
CA_SierraNevada_4_2022__39.60982_-120.90485,CA_SierraNevada_4_2022,39.60982064,-120.9048463,ok,1296431,,/ocean/projects/bio260075p/sammlapp/eagle/cache/sites/cookies/a5/CA_SierraNevada_4_2022__39.60982_-120.90485.npz
CA_SierraNevada_4_2022__39.59572_-120.92567,CA_SierraNevada_4_2022,39.5957247,-120.9256743,ok,1074886,,/ocean/projects/bio260075p/sammlapp/eagle/cache/sites/cookies/3e/CA_SierraNevada_4_2022__39.59572_-120.92567.npz
CA_SierraNevada_4_2022__39.51077_-120.81212,CA_SierraNevada_4_2022,39.51076856,-120.8121249,ok,1067383,,/ocean/projects/bio260075p/sammlapp/eagle/cache/sites/cookies/57/CA_SierraNevada_4_2022__39.51077_-120.81212.npz
CA_SierraNevada_4_2022__39.48648_-121.05110,CA_SierraNevada_4_2022,39.48647736,-121.0510972,ok,1267895,,/ocean/projects/bio260075p/sammlapp/eagle/cache/sites/cookies/f7/CA_SierraNevada_4_2022__39.48648_-121.05110.npz
CA_SierraNevada_4_2022__39.46434_-121.02605,CA_SierraNevada_4_2022,39.46433902,-121.0260533,ok,1059729,,/ocean/projects/bio260075p/sammlapp/eagle/cache/sites/cookies/04/CA_SierraNevada_4_2022__39.46434_-121.02605.npz
CA_SierraNevada_4_2022__39.50939_-120.81738,CA_SierraNevada_4_2022,39.50939014,-120.8173818,ok,960601,,/ocean/projects/bio260075p/sammlapp/eagle/cache/sites/cookies/00/CA_SierraNevada_4_2022__39.50939_-120.81738.npz
CA_SierraNevada_4_2022__39.48016_-121.06345,CA_SierraNevada_4_2022,39.4801628,-121.063449,ok,1054811,,/ocean/projects/bio260075p/sammlapp/eagle/cache/sites/cookies/06/CA_SierraNevada_4_2022__39.48016_-121.06345.npz
CA_SierraNevada_4_2022__39.49512_-120.95032,CA_SierraNevada_4_2022,39.49512285,-120.9503231,ok,1529112,,/ocean/projects/bio260075p/sammlapp/eagle/cache/sites/cookies/ea/CA_SierraNevada_4_2022__39.49512_-120.95032.npz
CA_SierraNevada_4_2022__39.44921_-120.97947,CA_SierraNevada_4_2022,39.44921427,-120.9794652,ok,1179315,,/ocean/projects/bio260075p/sammlapp/eagle/cache/sites/cookies/b9/CA_SierraNevada_4_2022__39.44921_-120.97947.npz
CA_SierraNevada_1_2022__39.42272_-121.11512,CA_SierraNevada_1_2022,39.42271873,-121.1151192,ok,1097821,,/ocean/projects/bio260075p/sammlapp/eagle/cache/sites/cookies/46/CA_SierraNevada_1_2022__39.42272_-121.11512.npz
CA_SierraNevada_1_2022__39.41913_-121.03863,CA_SierraNevada_1_2022,39.41913359,-121.0386258,ok,1357129,,/ocean/projects/bio260075p/sammlapp/eagle/cache/sites/cookies/59/CA_SierraNevada_1_2022__39.41913_-121.03863.npz
CA_SierraNevada_2_2022__38.61601_-120.49190,CA_SierraNevada_2_2022,38.616012,-120.491903,ok,797968,,/ocean/projects/bio260075p/sammlapp/eagle/cache/sites/cookies/1e/CA_SierraNevada_2_2022__38.61601_-120.49190.npz
CA_SierraNevada_5_2022__38.66904_-120.29142,CA_SierraNevada_5_2022,38.66904,-120.29142,ok,1126398,,/ocean/projects/bio260075p/sammlapp/eagle/cache/sites/cookies/a5/CA_SierraNevada_5_2022__38.66904_-120.29142.npz
CA_SierraNevada_5_2022__38.66849_-120.29041,CA_SierraNevada_5_2022,38.66849,-120.29041,ok,1118071,,/ocean/projects/bio260075p/sammlapp/eagle/cache/sites/cookies/26/CA_SierraNevada_5_2022__38.66849_-120.29041.npz
CA_SierraNevada_4_2022__39.50451_-120.87760,CA_SierraNevada_4_2022,39.50450793,-120.8776024,ok,1069557,,/ocean/projects/bio260075p/sammlapp/eagle/cache/sites/cookies/d3/CA_SierraNevada_4_2022__39.50451_-120.87760.npz
WA_CentralWildfire_1_D22__47.85175_-120.68680,WA_CentralWildfire_1_D22,47.85175356,-120.6868016,ok,1160545,,/ocean/projects/bio260075p/sammlapp/eagle/cache/sites/cookies/ea/WA_CentralWildfire_1_D22__47.85175_-120.68680.npz
WA_CentralWildfire_1_D22__47.85041_-120.67990,WA_CentralWildfire_1_D22,47.85040706,-120.6799019,ok,1244230,,/ocean/projects/bio260075p/sammlapp/eagle/cache/sites/cookies/07/WA_CentralWildfire_1_D22__47.85041_-120.67990.npz
WA_CentralWildfire_1_D22__47.85957_-120.69926,WA_CentralWildfire_1_D22,47.85957278,-120.6992553,ok,1576178,,/ocean/projects/bio260075p/sammlapp/eagle/cache/sites/cookies/ef/WA_CentralWildfire_1_D22__47.85957_-120.69926.npz
WA_CentralWildfire_1_D22__47.86126_-120.69848,WA_CentralWildfire_1_D22,47.86126332,-120.6984798,ok,1539550,,/ocean/projects/bio260075p/sammlapp/eagle/cache/sites/cookies/21/WA_CentralWildfire_1_D22__47.86126_-120.69848.npz
CA_SierraNevada_4_2022__39.48001_-120.99418,CA_SierraNevada_4_2022,39.48000554,-120.9941782,ok,1122766,,/ocean/projects/bio260075p/sammlapp/eagle/cache/sites/cookies/e2/CA_SierraNevada_4_2022__39.48001_-120.99418.npz
CA_FEMA_Z4_B2_2018__35.53400_-121.07725,CA_FEMA_Z4_B2_2018,35.53400077,-121.0772527,ok,241240,,/ocean/projects/bio260075p/sammlapp/eagle/cache/sites/cookies/69/CA_FEMA_Z4_B2_2018__35.53400_-121.07725.npz
CA_FEMA_Z4_B2_2018__35.53459_-121.07927,CA_FEMA_Z4_B2_2018,35.53458622,-121.0792658,ok,293704,,/ocean/projects/bio260075p/sammlapp/eagle/cache/sites/cookies/cd/CA_FEMA_Z4_B2_2018__35.53459_-121.07927.npz
CA_FEMA_Z4_B2_2018__35.53555_-121.07727,CA_FEMA_Z4_B2_2018,35.53554751,-121.0772711,ok,268580,,/ocean/projects/bio260075p/sammlapp/eagle/cache/sites/cookies/30/CA_FEMA_Z4_B2_2018__35.53555_-121.07727.npz
CA_FEMA_Z4_B2_2018__35.53572_-121.07515,CA_FEMA_Z4_B2_2018,35.5357181,-121.075154,ok,114076,,/ocean/projects/bio260075p/sammlapp/eagle/cache/sites/cookies/75/CA_FEMA_Z4_B2_2018__35.53572_-121.07515.npz
CA_FEMA_Z4_B2_2018__35.53626_-121.08019,CA_FEMA_Z4_B2_2018,35.53625861,-121.0801936,ok,382743,,/ocean/projects/bio260075p/sammlapp/eagle/cache/sites/cookies/54/CA_FEMA_Z4_B2_2018__35.53626_-121.08019.npz
CA_FEMA_Z4_B2_2018__35.53636_-121.07632,CA_FEMA_Z4_B2_2018,35.53636028,-121.0763246,ok,148420,,/ocean/projects/bio260075p/sammlapp/eagle/cache/sites/cookies/3f/CA_FEMA_Z4_B2_2018__35.53636_-121.07632.npz
CA_FEMA_Z4_B2_2018__35.53709_-121.08236,CA_FEMA_Z4_B2_2018,35.53708604,-121.0823607,ok,323576,,/ocean/projects/bio260075p/sammlapp/eagle/cache/sites/cookies/65/CA_FEMA_Z4_B2_2018__35.53709_-121.08236.npz
CA_FEMA_Z4_B2_2018__35.53775_-121.08424,CA_FEMA_Z4_B2_2018,35.53775066,-121.0842436,ok,203945,,/ocean/projects/bio260075p/sammlapp/eagle/cache/sites/cookies/63/CA_FEMA_Z4_B2_2018__35.53775_-121.08424.npz
CA_FEMA_Z4_B2_2018__35.53782_-121.08126,CA_FEMA_Z4_B2_2018,35.53781564,-121.0812578,ok,361090,,/ocean/projects/bio260075p/sammlapp/eagle/cache/sites/cookies/1e/CA_FEMA_Z4_B2_2018__35.53782_-121.08126.npz
CA_FEMA_Z4_B2_2018__35.53797_-121.07936,CA_FEMA_Z4_B2_2018,35.53797394,-121.079357,ok,280512,,/ocean/projects/bio260075p/sammlapp/eagle/cache/sites/cookies/24/CA_FEMA_Z4_B2_2018__35.53797_-121.07936.npz
CA_FEMA_Z4_B2_2018__35.53768_-121.07578,CA_FEMA_Z4_B2_2018,35.53767516,-121.0757772,ok,146531,,/ocean/projects/bio260075p/sammlapp/eagle/cache/sites/cookies/07/CA_FEMA_Z4_B2_2018__35.53768_-121.07578.npz
CA_FEMA_Z4_B2_2018__35.53864_-121.08235,CA_FEMA_Z4_B2_2018,35.53864175,-121.0823454,ok,373025,,/ocean/projects/bio260075p/sammlapp/eagle/cache/sites/cookies/1a/CA_FEMA_Z4_B2_2018__35.53864_-121.08235.npz
CA_FEMA_Z4_B2_2018__35.53966_-121.08034,CA_FEMA_Z4_B2_2018,35.53965902,-121.0803385,ok,186457,,/ocean/projects/bio260075p/sammlapp/eagle/cache/sites/cookies/0b/CA_FEMA_Z4_B2_2018__35.53966_-121.08034.npz
CA_FEMA_Z4_B2_2018__35.53369_-121.08121,CA_FEMA_Z4_B2_2018,35.53369162,-121.0812056,ok,96000,,/ocean/projects/bio260075p/sammlapp/eagle/cache/sites/cookies/18/CA_FEMA_Z4_B2_2018__35.53369_-121.08121.npz
CA_SierraNevada_11_B22__37.10166_-119.73468,CA_SierraNevada_11_B22,37.10165851,-119.7346779,ok,509917,,/ocean/projects/bio260075p/sammlapp/eagle/cache/sites/cookies/2d/CA_SierraNevada_11_B22__37.10166_-119.73468.npz
CA_SierraNevada_11_B22__37.11416_-119.72896,CA_SierraNevada_11_B22,37.11415702,-119.7289626,ok,619356,,/ocean/projects/bio260075p/sammlapp/eagle/cache/sites/cookies/39/CA_SierraNevada_11_B22__37.11416_-119.72896.npz
CA_FEMAR9Fresno_2_2019__37.11261_-119.72788,CA_FEMAR9Fresno_2_2019,37.11261375,-119.7278817,ok,110869,,/ocean/projects/bio260075p/sammlapp/eagle/cache/sites/cookies/98/CA_FEMAR9Fresno_2_2019__37.11261_-119.72788.npz
CA_FEMAR9Fresno_2_2019__37.10460_-119.73200,CA_FEMAR9Fresno_2_2019,37.10460028,-119.7319953,ok,367325,,/ocean/projects/bio260075p/sammlapp/eagle/cache/sites/cookies/1d/CA_FEMAR9Fresno_2_2019__37.10460_-119.73200.npz
CA_SierraNevada_14_B22__36.65880_-118.96617,CA_SierraNevada_14_B22,36.6588,-118.96617,ok,979118,,/ocean/projects/bio260075p/sammlapp/eagle/cache/sites/cookies/b4/CA_SierraNevada_14_B22__36.65880_-118.96617.npz
CA_SierraNevada_14_B22__36.66036_-118.96695,CA_SierraNevada_14_B22,36.66036,-118.96695,ok,930669,,/ocean/projects/bio260075p/sammlapp/eagle/cache/sites/cookies/9c/CA_SierraNevada_14_B22__36.66036_-118.96695.npz
CA_SierraNevada_14_B22__36.65940_-118.96490,CA_SierraNevada_14_B22,36.6594,-118.9649,ok,816574,,/ocean/projects/bio260075p/sammlapp/eagle/cache/sites/cookies/fc/CA_SierraNevada_14_B22__36.65940_-118.96490.npz
CA_SierraNevada_14_B22__36.65792_-118.96477,CA_SierraNevada_14_B22,36.65792,-118.96477,ok,961586,,/ocean/projects/bio260075p/sammlapp/eagle/cache/sites/cookies/b0/CA_SierraNevada_14_B22__36.65792_-118.96477.npz
CA_SierraNevada_14_B22__36.70134_-118.96685,CA_SierraNevada_14_B22,36.70134,-118.96685,ok,896680,,/ocean/projects/bio260075p/sammlapp/eagle/cache/sites/cookies/57/CA_SierraNevada_14_B22__36.70134_-118.96685.npz
CA_SierraNevada_14_B22__36.69979_-118.96998,CA_SierraNevada_14_B22,36.69979,-118.96998,ok,1282080,,/ocean/projects/bio260075p/sammlapp/eagle/cache/sites/cookies/26/CA_SierraNevada_14_B22__36.69979_-118.96998.npz
CA_SierraNevada_14_B22__36.70050_-118.97000,CA_SierraNevada_14_B22,36.7005,-118.97,ok,1351898,,/ocean/projects/bio260075p/sammlapp/eagle/cache/sites/cookies/d3/CA_SierraNevada_14_B22__36.70050_-118.97000.npz
CA_SierraNevada_14_B22__36.70138_-118.96991,CA_SierraNevada_14_B22,36.70138,-118.96991,ok,1264762,,/ocean/projects/bio260075p/sammlapp/eagle/cache/sites/cookies/b3/CA_SierraNevada_14_B22__36.70138_-118.96991.npz
CA_SierraNevada_14_B22__36.70134_-118.96883,CA_SierraNevada_14_B22,36.70134,-118.96883,ok,1255416,,/ocean/projects/bio260075p/sammlapp/eagle/cache/sites/cookies/68/CA_SierraNevada_14_B22__36.70134_-118.96883.npz
CA_SierraNevada_14_B22__36.70136_-118.96785,CA_SierraNevada_14_B22,36.70136,-118.96785,ok,1084917,,/ocean/projects/bio260075p/sammlapp/eagle/cache/sites/cookies/ff/CA_SierraNevada_14_B22__36.70136_-118.96785.npz
CA_SierraNevada_14_B22__36.69752_-118.97632,CA_SierraNevada_14_B22,36.69752,-118.97632,ok,1268489,,/ocean/projects/bio260075p/sammlapp/eagle/cache/sites/cookies/2f/CA_SierraNevada_14_B22__36.69752_-118.97632.npz
CA_SierraNevada_14_B22__36.69839_-118.97612,CA_SierraNevada_14_B22,36.69839,-118.97612,ok,1303964,,/ocean/projects/bio260075p/sammlapp/eagle/cache/sites/cookies/88/CA_SierraNevada_14_B22__36.69839_-118.97612.npz
CA_SierraNevada_14_B22__36.69911_-118.97613,CA_SierraNevada_14_B22,36.69911,-118.97613,ok,1272322,,/ocean/projects/bio260075p/sammlapp/eagle/cache/sites/cookies/dd/CA_SierraNevada_14_B22__36.69911_-118.97613.npz
CA_SierraNevada_14_B22__36.69580_-118.97531,CA_SierraNevada_14_B22,36.6958,-118.97531,ok,1137328,,/ocean/projects/bio260075p/sammlapp/eagle/cache/sites/cookies/80/CA_SierraNevada_14_B22__36.69580_-118.97531.npz
CA_SierraNevada_14_B22__36.69665_-118.74160,CA_SierraNevada_14_B22,36.69665,-118.7416,ok,457005,,/ocean/projects/bio260075p/sammlapp/eagle/cache/sites/cookies/7b/CA_SierraNevada_14_B22__36.69665_-118.74160.npz
CA_SierraNevada_14_B22__36.69749_-118.97530,CA_SierraNevada_14_B22,36.69749,-118.9753,ok,1158003,,/ocean/projects/bio260075p/sammlapp/eagle/cache/sites/cookies/d1/CA_SierraNevada_14_B22__36.69749_-118.97530.npz
CA_SierraNevada_14_B22__36.65090_-118.94924,CA_SierraNevada_14_B22,36.6509,-118.94924,ok,780649,,/ocean/projects/bio260075p/sammlapp/eagle/cache/sites/cookies/c8/CA_SierraNevada_14_B22__36.65090_-118.94924.npz
CA_SierraNevada_14_B22__36.65172_-118.95017,CA_SierraNevada_14_B22,36.65172,-118.95017,ok,758069,,/ocean/projects/bio260075p/sammlapp/eagle/cache/sites/cookies/02/CA_SierraNevada_14_B22__36.65172_-118.95017.npz
CA_SierraNevada_14_B22__36.65096_-118.95117,CA_SierraNevada_14_B22,36.65096,-118.95117,ok,828778,,/ocean/projects/bio260075p/sammlapp/eagle/cache/sites/cookies/8c/CA_SierraNevada_14_B22__36.65096_-118.95117.npz
CA_SierraNevada_14_B22__36.64889_-118.93741,CA_SierraNevada_14_B22,36.64889,-118.93741,ok,853679,,/ocean/projects/bio260075p/sammlapp/eagle/cache/sites/cookies/b8/CA_SierraNevada_14_B22__36.64889_-118.93741.npz
CA_SierraNevada_14_B22__36.64816_-118.93842,CA_SierraNevada_14_B22,36.64816,-118.93842,ok,950119,,/ocean/projects/bio260075p/sammlapp/eagle/cache/sites/cookies/a6/CA_SierraNevada_14_B22__36.64816_-118.93842.npz
CA_SierraNevada_14_B22__36.64735_-118.93953,CA_SierraNevada_14_B22,36.64735,-118.93953,ok,848945,,/ocean/projects/bio260075p/sammlapp/eagle/cache/sites/cookies/0b/CA_SierraNevada_14_B22__36.64735_-118.93953.npz
CA_SierraNevada_14_B22__36.64651_-118.93850,CA_SierraNevada_14_B22,36.64651,-118.9385,ok,916475,,/ocean/projects/bio260075p/sammlapp/eagle/cache/sites/cookies/52/CA_SierraNevada_14_B22__36.64651_-118.93850.npz
CA_SierraNevada_14_B22__36.64735_-118.93849,CA_SierraNevada_14_B22,36.64735,-118.93849,ok,972668,,/ocean/projects/bio260075p/sammlapp/eagle/cache/sites/cookies/63/CA_SierraNevada_14_B22__36.64735_-118.93849.npz
CA_SierraNevada_14_B22__36.64820_-118.94042,CA_SierraNevada_14_B22,36.6482,-118.94042,ok,812226,,/ocean/projects/bio260075p/sammlapp/eagle/cache/sites/cookies/89/CA_SierraNevada_14_B22__36.64820_-118.94042.npz
CA_SierraNevada_14_B22__36.64810_-118.93931,CA_SierraNevada_14_B22,36.6481,-118.93931,ok,874842,,/ocean/projects/bio260075p/sammlapp/eagle/cache/sites/cookies/0c/CA_SierraNevada_14_B22__36.64810_-118.93931.npz
CA_SierraNevada_14_B22__36.64742_-118.94157,CA_SierraNevada_14_B22,36.64742,-118.94157,ok,918488,,/ocean/projects/bio260075p/sammlapp/eagle/cache/sites/cookies/c4/CA_SierraNevada_14_B22__36.64742_-118.94157.npz
CA_SierraNevada_14_B22__36.64736_-118.94049,CA_SierraNevada_14_B22,36.64736,-118.94049,ok,825932,,/ocean/projects/bio260075p/sammlapp/eagle/cache/sites/cookies/92/CA_SierraNevada_14_B22__36.64736_-118.94049.npz
CA_SierraNevada_14_B22__36.64895_-118.93840,CA_SierraNevada_14_B22,36.64895,-118.9384,ok,850448,,/ocean/projects/bio260075p/sammlapp/eagle/cache/sites/cookies/17/CA_SierraNevada_14_B22__36.64895_-118.93840.npz
CA_SierraNevada_14_B22__36.64898_-118.94036,CA_SierraNevada_14_B22,36.64898,-118.94036,ok,866769,,/ocean/projects/bio260075p/sammlapp/eagle/cache/sites/cookies/0a/CA_SierraNevada_14_B22__36.64898_-118.94036.npz
CA_SierraNevada_14_B22__36.64658_-118.93951,CA_SierraNevada_14_B22,36.64658,-118.93951,ok,794303,,/ocean/projects/bio260075p/sammlapp/eagle/cache/sites/cookies/62/CA_SierraNevada_14_B22__36.64658_-118.93951.npz
CA_SierraNevada_14_B22__36.64805_-118.93648,CA_SierraNevada_14_B22,36.64805,-118.93648,ok,827322,,/ocean/projects/bio260075p/sammlapp/eagle/cache/sites/cookies/c7/CA_SierraNevada_14_B22__36.64805_-118.93648.npz
CA_SierraNevada_14_B22__36.64749_-118.94211,CA_SierraNevada_14_B22,36.64749,-118.94211,ok,963000,,/ocean/projects/bio260075p/sammlapp/eagle/cache/sites/cookies/a2/CA_SierraNevada_14_B22__36.64749_-118.94211.npz
CA_SierraNevada_14_B22__36.64661_-118.94148,CA_SierraNevada_14_B22,36.64661,-118.94148,ok,864079,,/ocean/projects/bio260075p/sammlapp/eagle/cache/sites/cookies/d9/CA_SierraNevada_14_B22__36.64661_-118.94148.npz
CA_SierraNevada_14_B22__36.64585_-118.94254,CA_SierraNevada_14_B22,36.64585,-118.94254,ok,922147,,/ocean/projects/bio260075p/sammlapp/eagle/cache/sites/cookies/fe/CA_SierraNevada_14_B22__36.64585_-118.94254.npz
CA_SierraNevada_14_B22__36.64748_-118.94341,CA_SierraNevada_14_B22,36.64748,-118.94341,ok,911626,,/ocean/projects/bio260075p/sammlapp/eagle/cache/sites/cookies/bf/CA_SierraNevada_14_B22__36.64748_-118.94341.npz
CA_SierraNevada_14_B22__36.64822_-118.94319,CA_SierraNevada_14_B22,36.64822,-118.94319,ok,929762,,/ocean/projects/bio260075p/sammlapp/eagle/cache/sites/cookies/82/CA_SierraNevada_14_B22__36.64822_-118.94319.npz
CA_SierraNevada_14_B22__36.64837_-118.94242,CA_SierraNevada_14_B22,36.64837,-118.94242,ok,968330,,/ocean/projects/bio260075p/sammlapp/eagle/cache/sites/cookies/ed/CA_SierraNevada_14_B22__36.64837_-118.94242.npz
CA_SierraNevada_14_B22__36.64833_-118.94434,CA_SierraNevada_14_B22,36.64833,-118.94434,ok,929512,,/ocean/projects/bio260075p/sammlapp/eagle/cache/sites/cookies/d2/CA_SierraNevada_14_B22__36.64833_-118.94434.npz
CA_FEMAR9Fresno_2_2019__37.11663_-119.73040,CA_FEMAR9Fresno_2_2019,37.11663,-119.7304,ok,125321,,/ocean/projects/bio260075p/sammlapp/eagle/cache/sites/cookies/c2/CA_FEMAR9Fresno_2_2019__37.11663_-119.73040.npz
