als_site_id,product_name_AWS,lat,lon,status,n_points,error,path
USGS_LPC_IN_ET_B5_Noble_2012__LAS_2016__41.37651_-85.42545,USGS_LPC_IN_ET_B5_Noble_2012__LAS_2016,41.376510620117,-85.425453186035,ok,40297,,/ocean/projects/bio260075p/sammlapp/eagle/cache/sites/cookies/b6/USGS_LPC_IN_ET_B5_Noble_2012__LAS_2016__41.37651_-85.42545.npz
IN_Statewide_B1_2017__41.53439_-84.93911,IN_Statewide_B1_2017,41.534393881777,-84.939110560503,ok,136533,,/ocean/projects/bio260075p/sammlapp/eagle/cache/sites/cookies/13/IN_Statewide_B1_2017__41.53439_-84.93911.npz
USGS_LPC_IN_ET_B5_Steuben_2012_LAS_2016__41.53439_-84.93911,USGS_LPC_IN_ET_B5_Steuben_2012_LAS_2016,41.534393881777,-84.939110560503,ok,49670,,/ocean/projects/bio260075p/sammlapp/eagle/cache/sites/cookies/73/USGS_LPC_IN_ET_B5_Steuben_2012_LAS_2016__41.53439_-84.93911.npz
IN_Statewide_B1_2017__41.74446_-84.81914,IN_Statewide_B1_2017,41.744457244873,-84.819137573242,ok,155591,,/ocean/projects/bio260075p/sammlapp/eagle/cache/sites/cookies/bf/IN_Statewide_B1_2017__41.74446_-84.81914.npz
USGS_LPC_IN_ET_B5_Steuben_2012_LAS_2016__41.74446_-84.81914,USGS_LPC_IN_ET_B5_Steuben_2012_LAS_2016,41.744457244873,-84.819137573242,ok,60038,,/ocean/projects/bio260075p/sammlapp/eagle/cache/sites/cookies/df/USGS_LPC_IN_ET_B5_Steuben_2012_LAS_2016__41.74446_-84.81914.npz
USGS_LPC_IN_ET_B5_Allen_2012__LAS_2016__41.20318_-85.03858,USGS_LPC_IN_ET_B5_Allen_2012__LAS_2016,41.203182220459,-85.038581848145,ok,32884,,/ocean/projects/bio260075p/sammlapp/eagle/cache/sites/cookies/c7/USGS_LPC_IN_ET_B5_Allen_2012__LAS_2016__41.20318_-85.03858.npz
USGS_LPC_IN_ET_B5_Whitley_2012__LAS_2016__41.16409_-85.47003,USGS_LPC_IN_ET_B5_Whitley_2012__LAS_2016,41.164087,-85.470029,ok,18946,,/ocean/projects/bio260075p/sammlapp/eagle/cache/sites/cookies/77/USGS_LPC_IN_ET_B5_Whitley_2012__LAS_2016__41.16409_-85.47003.npz
USGS_LPC_IN_ET_B5_Noble_2012__LAS_2016__41.44260_-85.24778,USGS_LPC_IN_ET_B5_Noble_2012__LAS_2016,41.442604064941,-85.247779846191,ok,17908,,/ocean/projects/bio260075p/sammlapp/eagle/cache/sites/cookies/bd/USGS_LPC_IN_ET_B5_Noble_2012__LAS_2016__41.44260_-85.24778.npz
IN_Statewide_B1_2017__41.71389_-85.03052,IN_Statewide_B1_2017,41.713890075684,-85.030517578125,ok,103898,,/ocean/projects/bio260075p/sammlapp/eagle/cache/sites/cookies/8d/IN_Statewide_B1_2017__41.71389_-85.03052.npz
USGS_LPC_IN_ET_B5_Steuben_2012_LAS_2016__41.71389_-85.03052,USGS_LPC_IN_ET_B5_Steuben_2012_LAS_2016,41.713890075684,-85.030517578125,ok,36014,,/ocean/projects/bio260075p/sammlapp/eagle/cache/sites/cookies/ed/USGS_LPC_IN_ET_B5_Steuben_2012_LAS_2016__41.71389_-85.03052.npz
USGS_LPC_IN_ET_B5_Noble_2012__LAS_2016__41.24659_-85.41776,USGS_LPC_IN_ET_B5_Noble_2012__LAS_2016,41.246589660645,-85.417762756348,empty,0,No points returned for this location.,/ocean/projects/bio260075p/sammlapp/eagle/cache/sites/cookies/39/USGS_LPC_IN_ET_B5_Noble_2012__LAS_2016__41.24659_-85.41776.npz
IN_Statewide_B1_2017__41.54388_-85.42782,IN_Statewide_B1_2017,41.543884277344,-85.42781829834,ok,83324,,/ocean/projects/bio260075p/sammlapp/eagle/cache/sites/cookies/dc/IN_Statewide_B1_2017__41.54388_-85.42782.npz
USGS_LPC_IN_ET_B5_LaGrange_2012_LAS_2016__41.54388_-85.42782,USGS_LPC_IN_ET_B5_LaGrange_2012_LAS_2016,41.543884277344,-85.42781829834,ok,13513,,/ocean/projects/bio260075p/sammlapp/eagle/cache/sites/cookies/3c/USGS_LPC_IN_ET_B5_LaGrange_2012_LAS_2016__41.54388_-85.42782.npz
USGS_LPC_IN_ET_B5_Dekalb_2012_LAS_2016__41.37865_-85.05914,USGS_LPC_IN_ET_B5_Dekalb_2012_LAS_2016,41.37865447998,-85.059143066406,ok,11858,,/ocean/projects/bio260075p/sammlapp/eagle/cache/sites/cookies/7e/USGS_LPC_IN_ET_B5_Dekalb_2012_LAS_2016__41.37865_-85.05914.npz
USGS_LPC_IN_ET_B5_Noble_2012__LAS_2016__41.43286_-85.24750,USGS_LPC_IN_ET_B5_Noble_2012__LAS_2016,41.432861328125,-85.247497558594,ok,19629,,/ocean/projects/bio260075p/sammlapp/eagle/cache/sites/cookies/90/USGS_LPC_IN_ET_B5_Noble_2012__LAS_2016__41.43286_-85.24750.npz
IN_Statewide_B1_2017__41.71000_-85.03000,IN_Statewide_B1_2017,41.71,-85.03,ok,114563,,/ocean/projects/bio260075p/sammlapp/eagle/cache/sites/cookies/51/IN_Statewide_B1_2017__41.71000_-85.03000.npz
IN_Statewide_B1_2017__41.70331_-85.02415,IN_Statewide_B1_2017,41.7033094414,-85.024153582443,ok,152396,,/ocean/projects/bio260075p/sammlapp/eagle/cache/sites/cookies/ae/IN_Statewide_B1_2017__41.70331_-85.02415.npz
IN_Statewide_Opt1_B1_2017__41.74652_-85.82544,IN_Statewide_Opt1_B1_2017,41.746520996094,-85.825439453125,ok,96185,,/ocean/projects/bio260075p/sammlapp/eagle/cache/sites/cookies/0a/IN_Statewide_Opt1_B1_2017__41.74652_-85.82544.npz
IN_Statewide_B1_2017__41.50320_-85.37376,IN_Statewide_B1_2017,41.503200531006,-85.373756408691,ok,119073,,/ocean/projects/bio260075p/sammlapp/eagle/cache/sites/cookies/cb/IN_Statewide_B1_2017__41.50320_-85.37376.npz
IN_Statewide_B1_2017__41.70270_-84.99226,IN_Statewide_B1_2017,41.702701568604,-84.992263793945,ok,179780,,/ocean/projects/bio260075p/sammlapp/eagle/cache/sites/cookies/9b/IN_Statewide_B1_2017__41.70270_-84.99226.npz
IN_Statewide_B1_2017__41.43376_-85.24740,IN_Statewide_B1_2017,41.43376159668,-85.247398376465,ok,102796,,/ocean/projects/bio260075p/sammlapp/eagle/cache/sites/cookies/df/IN_Statewide_B1_2017__41.43376_-85.24740.npz
IN_Statewide_B1_2017__41.71693_-85.01678,IN_Statewide_B1_2017,41.716930236688,-85.016779922925,ok,87617,,/ocean/projects/bio260075p/sammlapp/eagle/cache/sites/cookies/d0/IN_Statewide_B1_2017__41.71693_-85.01678.npz
IN_Statewide_B1_2017__41.71024_-84.99580,IN_Statewide_B1_2017,41.710240782107,-84.995802511662,ok,166935,,/ocean/projects/bio260075p/sammlapp/eagle/cache/sites/cookies/0e/IN_Statewide_B1_2017__41.71024_-84.99580.npz
IN_Statewide_B2_2017__41.04024_-85.22587,IN_Statewide_B2_2017,41.040236812866,-85.22586626917,ok,65163,,/ocean/projects/bio260075p/sammlapp/eagle/cache/sites/cookies/86/IN_Statewide_B2_2017__41.04024_-85.22587.npz
IN_Statewide_B1_2017__41.53434_-84.93123,IN_Statewide_B1_2017,41.534340483739,-84.931227466727,ok,106851,,/ocean/projects/bio260075p/sammlapp/eagle/cache/sites/cookies/43/IN_Statewide_B1_2017__41.53434_-84.93123.npz
IN_Statewide_B1_2017__41.68521_-85.04711,IN_Statewide_B1_2017,41.685206636669,-85.047112818426,ok,80141,,/ocean/projects/bio260075p/sammlapp/eagle/cache/sites/cookies/5e/IN_Statewide_B1_2017__41.68521_-85.04711.npz
IN_Statewide_B2_2017__41.02595_-85.25104,IN_Statewide_B2_2017,41.025951000017,-85.251042696121,ok,61426,,/ocean/projects/bio260075p/sammlapp/eagle/cache/sites/cookies/3a/IN_Statewide_B2_2017__41.02595_-85.25104.npz
IN_Statewide_B1_2017__41.72581_-85.36376,IN_Statewide_B1_2017,41.725806806661,-85.363763811342,ok,74189,,/ocean/projects/bio260075p/sammlapp/eagle/cache/sites/cookies/ee/IN_Statewide_B1_2017__41.72581_-85.36376.npz
IN_Statewide_B2_2017__41.02957_-85.24705,IN_Statewide_B2_2017,41.029573135805,-85.247047471018,ok,112269,,/ocean/projects/bio260075p/sammlapp/eagle/cache/sites/cookies/c0/IN_Statewide_B2_2017__41.02957_-85.24705.npz
USGS_LPC_IN_ET_B5_LaGrange_2012_LAS_2016__41.71996_-85.37506,USGS_LPC_IN_ET_B5_LaGrange_2012_LAS_2016,41.719955444336,-85.375061035156,ok,50088,,/ocean/projects/bio260075p/sammlapp/eagle/cache/sites/cookies/d2/USGS_LPC_IN_ET_B5_LaGrange_2012_LAS_2016__41.71996_-85.37506.npz
USGS_LPC_IN_ET_B5_LaGrange_2012_LAS_2016__41.72257_-85.37150,USGS_LPC_IN_ET_B5_LaGrange_2012_LAS_2016,41.722568511963,-85.37149810791,ok,81784,,/ocean/projects/bio260075p/sammlapp/eagle/cache/sites/cookies/47/USGS_LPC_IN_ET_B5_LaGrange_2012_LAS_2016__41.72257_-85.37150.npz
USGS_LPC_IN_ET_B5_LaGrange_2012_LAS_2016__41.72365_-85.36743,USGS_LPC_IN_ET_B5_LaGrange_2012_LAS_2016,41.723651862958,-85.367434417386,ok,33935,,/ocean/projects/bio260075p/sammlapp/eagle/cache/sites/cookies/df/USGS_LPC_IN_ET_B5_LaGrange_2012_LAS_2016__41.72365_-85.36743.npz
IN_Statewide_B1_2017__41.72084_-85.37332,IN_Statewide_B1_2017,41.720839242014,-85.373320833658,ok,148682,,/ocean/projects/bio260075p/sammlapp/eagle/cache/sites/cookies/c7/IN_Statewide_B1_2017__41.72084_-85.37332.npz
USGS_LPC_IN_ET_B5_LaGrange_2012_LAS_2016__41.72084_-85.37332,USGS_LPC_IN_ET_B5_LaGrange_2012_LAS_2016,41.720839242014,-85.373320833658,ok,73506,,/ocean/projects/bio260075p/sammlapp/eagle/cache/sites/cookies/27/USGS_LPC_IN_ET_B5_LaGrange_2012_LAS_2016__41.72084_-85.37332.npz
USGS_LPC_IN_ET_B5_Steuben_2012_LAS_2016__41.73203_-84.95023,USGS_LPC_IN_ET_B5_Steuben_2012_LAS_2016,41.732028961182,-84.950225830078,ok,83351,,/ocean/projects/bio260075p/sammlapp/eagle/cache/sites/cookies/f7/USGS_LPC_IN_ET_B5_Steuben_2012_LAS_2016__41.73203_-84.95023.npz
IN_Statewide_B1_2017__41.71792_-85.00906,IN_Statewide_B1_2017,41.717918395996,-85.009063720703,ok,282931,,/ocean/projects/bio260075p/sammlapp/eagle/cache/sites/cookies/0d/IN_Statewide_B1_2017__41.71792_-85.00906.npz
USGS_LPC_IN_ET_B5_Steuben_2012_LAS_2016__41.71792_-85.00906,USGS_LPC_IN_ET_B5_Steuben_2012_LAS_2016,41.717918395996,-85.009063720703,ok,85720,,/ocean/projects/bio260075p/sammlapp/eagle/cache/sites/cookies/6d/USGS_LPC_IN_ET_B5_Steuben_2012_LAS_2016__41.71792_-85.00906.npz
USGS_LPC_MI_31Co_StClair_2016_LAS_2019__43.09966_-82.61326,USGS_LPC_MI_31Co_StClair_2016_LAS_2019,43.099662780762,-82.613258361816,ok,177090,,/ocean/projects/bio260075p/sammlapp/eagle/cache/sites/cookies/8c/USGS_LPC_MI_31Co_StClair_2016_LAS_2019__43.09966_-82.61326.npz
USGS_LPC_MI_31Co_StClair_2016_LAS_2019__42.89999_-82.47074,USGS_LPC_MI_31Co_StClair_2016_LAS_2019,42.89998626709,-82.470741271973,ok,42824,,/ocean/projects/bio260075p/sammlapp/eagle/cache/sites/cookies/73/USGS_LPC_MI_31Co_StClair_2016_LAS_2019__42.89999_-82.47074.npz
USGS_LPC_MI_16Co_Mecosta_2015_LAS_2018__43.70929_-85.33702,USGS_LPC_MI_16Co_Mecosta_2015_LAS_2018,43.709293365479,-85.337020874023,ok,81544,,/ocean/projects/bio260075p/sammlapp/eagle/cache/sites/cookies/98/USGS_LPC_MI_16Co_Mecosta_2015_LAS_2018__43.70929_-85.33702.npz
USGS_LPC_MI_13Co_Emmett_2015_LAS_2017__45.77745_-84.77024,USGS_LPC_MI_13Co_Emmett_2015_LAS_2017,45.777450561523,-84.770240783691,ok,238697,,/ocean/projects/bio260075p/sammlapp/eagle/cache/sites/cookies/1c/USGS_LPC_MI_13Co_Emmett_2015_LAS_2017__45.77745_-84.77024.npz
USGS_LPC_MI_31Co_Washtenaw_2016_LAS_2019__42.30020_-83.75154,USGS_LPC_MI_31Co_Washtenaw_2016_LAS_2019,42.300198554935,-83.751542207756,ok,330336,,/ocean/projects/bio260075p/sammlapp/eagle/cache/sites/cookies/f4/USGS_LPC_MI_31Co_Washtenaw_2016_LAS_2019__42.30020_-83.75154.npz
MI_FEMA_Cheboygan_2019__45.39958_-84.47295,MI_FEMA_Cheboygan_2019,45.39958190918,-84.472953796387,ok,168563,,/ocean/projects/bio260075p/sammlapp/eagle/cache/sites/cookies/dc/MI_FEMA_Cheboygan_2019__45.39958_-84.47295.npz
USGS_LPC_MI_Kalamazoo_2015_LAS_2018__42.21841_-85.67047,USGS_LPC_MI_Kalamazoo_2015_LAS_2018,42.218411841024,-85.670474263424,ok,109945,,/ocean/projects/bio260075p/sammlapp/eagle/cache/sites/cookies/47/USGS_LPC_MI_Kalamazoo_2015_LAS_2018__42.21841_-85.67047.npz
USGS_LPC_MI_Kalamazoo_2015_LAS_2018__42.26388_-85.64190,USGS_LPC_MI_Kalamazoo_2015_LAS_2018,42.263879970763,-85.641899440711,ok,322281,,/ocean/projects/bio260075p/sammlapp/eagle/cache/sites/cookies/17/USGS_LPC_MI_Kalamazoo_2015_LAS_2018__42.26388_-85.64190.npz
USGS_LPC_MI_Kalamazoo_2015_LAS_2018__42.17867_-85.59664,USGS_LPC_MI_Kalamazoo_2015_LAS_2018,42.178672790527,-85.596641540527,ok,133960,,/ocean/projects/bio260075p/sammlapp/eagle/cache/sites/cookies/3d/USGS_LPC_MI_Kalamazoo_2015_LAS_2018__42.17867_-85.59664.npz
USGS_LPC_MI_Kalamazoo_2015_LAS_2018__42.32269_-85.54004,USGS_LPC_MI_Kalamazoo_2015_LAS_2018,42.322689056396,-85.5400390625,ok,189529,,/ocean/projects/bio260075p/sammlapp/eagle/cache/sites/cookies/08/USGS_LPC_MI_Kalamazoo_2015_LAS_2018__42.32269_-85.54004.npz
USGS_LPC_MI_Kalamazoo_2015_LAS_2018__42.30526_-85.46245,USGS_LPC_MI_Kalamazoo_2015_LAS_2018,42.30525970459,-85.462448120117,ok,221006,,/ocean/projects/bio260075p/sammlapp/eagle/cache/sites/cookies/83/USGS_LPC_MI_Kalamazoo_2015_LAS_2018__42.30526_-85.46245.npz
USGS_LPC_MI_Kalamazoo_2015_LAS_2018__42.35815_-85.59496,USGS_LPC_MI_Kalamazoo_2015_LAS_2018,42.358154296875,-85.59496307373,ok,122193,,/ocean/projects/bio260075p/sammlapp/eagle/cache/sites/cookies/c2/USGS_LPC_MI_Kalamazoo_2015_LAS_2018__42.35815_-85.59496.npz
ARRA-MI_4SECounties_2010__42.54533_-83.64439,ARRA-MI_4SECounties_2010,42.54532623291,-83.644386291504,empty,0,No points returned for this location.,/ocean/projects/bio260075p/sammlapp/eagle/cache/sites/cookies/76/ARRA-MI_4SECounties_2010__42.54533_-83.64439.npz
USGS_LPC_MI_31Co_Oakland_2016_LAS_2019__42.70692_-83.48840,USGS_LPC_MI_31Co_Oakland_2016_LAS_2019,42.706916809082,-83.488395690918,ok,86681,,/ocean/projects/bio260075p/sammlapp/eagle/cache/sites/cookies/dd/USGS_LPC_MI_31Co_Oakland_2016_LAS_2019__42.70692_-83.48840.npz
USGS_LPC_MI_31Co_Oakland_2016_LAS_2019__42.71091_-83.48220,USGS_LPC_MI_31Co_Oakland_2016_LAS_2019,42.710906982422,-83.482200622559,ok,123356,,/ocean/projects/bio260075p/sammlapp/eagle/cache/sites/cookies/27/USGS_LPC_MI_31Co_Oakland_2016_LAS_2019__42.71091_-83.48220.npz
USGS_LPC_MI_13Co_VanBurrenCo_2015_LAS_2017__42.38006_-85.94052,USGS_LPC_MI_13Co_VanBurrenCo_2015_LAS_2017,42.380058288574,-85.940521240234,ok,56800,,/ocean/projects/bio260075p/sammlapp/eagle/cache/sites/cookies/4b/USGS_LPC_MI_13Co_VanBurrenCo_2015_LAS_2017__42.38006_-85.94052.npz
USGS_LPC_MI_Kalamazoo_2015_LAS_2018__42.39771_-85.38667,USGS_LPC_MI_Kalamazoo_2015_LAS_2018,42.397705078125,-85.386665344238,ok,64195,,/ocean/projects/bio260075p/sammlapp/eagle/cache/sites/cookies/4a/USGS_LPC_MI_Kalamazoo_2015_LAS_2018__42.39771_-85.38667.npz
USGS_LPC_MI_Kalamazoo_2015_LAS_2018__42.27968_-85.72308,USGS_LPC_MI_Kalamazoo_2015_LAS_2018,42.279678344727,-85.723083496094,ok,182057,,/ocean/projects/bio260075p/sammlapp/eagle/cache/sites/cookies/20/USGS_LPC_MI_Kalamazoo_2015_LAS_2018__42.27968_-85.72308.npz
USGS_LPC_MI_Kalamazoo_2015_LAS_2018__42.26777_-85.60362,USGS_LPC_MI_Kalamazoo_2015_LAS_2018,42.267772674561,-85.603622436523,ok,154359,,/ocean/projects/bio260075p/sammlapp/eagle/cache/sites/cookies/ec/USGS_LPC_MI_Kalamazoo_2015_LAS_2018__42.26777_-85.60362.npz
USGS_LPC_MI_13Co_VanBurrenCo_2015_LAS_2017__42.12550_-85.77032,USGS_LPC_MI_13Co_VanBurrenCo_2015_LAS_2017,42.125503540039,-85.770317077637,ok,71671,,/ocean/projects/bio260075p/sammlapp/eagle/cache/sites/cookies/08/USGS_LPC_MI_13Co_VanBurrenCo_2015_LAS_2017__42.12550_-85.77032.npz
USGS_LPC_MI_Kalamazoo_2015_LAS_2018__42.36099_-85.58594,USGS_LPC_MI_Kalamazoo_2015_LAS_2018,42.360992431641,-85.5859375,ok,129199,,/ocean/projects/bio260075p/sammlapp/eagle/cache/sites/cookies/33/USGS_LPC_MI_Kalamazoo_2015_LAS_2018__42.36099_-85.58594.npz
USGS_LPC_MI_Kalamazoo_2015_LAS_2018__42.35561_-85.58534,USGS_LPC_MI_Kalamazoo_2015_LAS_2018,42.355606079102,-85.585342407227,ok,279202,,/ocean/projects/bio260075p/sammlapp/eagle/cache/sites/cookies/45/USGS_LPC_MI_Kalamazoo_2015_LAS_2018__42.35561_-85.58534.npz
USGS_LPC_MI_Kalamazoo_2015_LAS_2018__42.29225_-85.70113,USGS_LPC_MI_Kalamazoo_2015_LAS_2018,42.292251936383,-85.701134371101,ok,166797,,/ocean/projects/bio260075p/sammlapp/eagle/cache/sites/cookies/57/USGS_LPC_MI_Kalamazoo_2015_LAS_2018__42.29225_-85.70113.npz
MI_31Co_EatonB_2016__42.77104_-84.76382,MI_31Co_EatonB_2016,42.77103805542,-84.763816833496,empty,0,No points returned for this location.,/ocean/projects/bio260075p/sammlapp/eagle/cache/sites/cookies/1b/MI_31Co_EatonB_2016__42.77104_-84.76382.npz
USGS_LPC_MI_31Co_Clinton_2017_LAS_2019__42.77104_-84.76382,USGS_LPC_MI_31Co_Clinton_2017_LAS_2019,42.77103805542,-84.763816833496,ok,71155,,/ocean/projects/bio260075p/sammlapp/eagle/cache/sites/cookies/d5/USGS_LPC_MI_31Co_Clinton_2017_LAS_2019__42.77104_-84.76382.npz
ARRA-MI_TriCounty_2010__42.77104_-84.76382,ARRA-MI_TriCounty_2010,42.77103805542,-84.763816833496,ok,24213,,/ocean/projects/bio260075p/sammlapp/eagle/cache/sites/cookies/fa/ARRA-MI_TriCounty_2010__42.77104_-84.76382.npz
USGS_LPC_MI_31Co_Oakland_2016_LAS_2019__42.61663_-83.19411,USGS_LPC_MI_31Co_Oakland_2016_LAS_2019,42.616630515238,-83.19411052979,ok,113281,,/ocean/projects/bio260075p/sammlapp/eagle/cache/sites/cookies/50/USGS_LPC_MI_31Co_Oakland_2016_LAS_2019__42.61663_-83.19411.npz
USGS_LPC_MI_Kalamazoo_2015_LAS_2018__42.32102_-85.48439,USGS_LPC_MI_Kalamazoo_2015_LAS_2018,42.321018218994,-85.484390258789,ok,143570,,/ocean/projects/bio260075p/sammlapp/eagle/cache/sites/cookies/c8/USGS_LPC_MI_Kalamazoo_2015_LAS_2018__42.32102_-85.48439.npz
USGS_LPC_MI_31Co_Kent_2016_LAS_2019__43.20252_-85.54607,USGS_LPC_MI_31Co_Kent_2016_LAS_2019,43.202524487601,-85.546069975599,ok,93237,,/ocean/projects/bio260075p/sammlapp/eagle/cache/sites/cookies/b0/USGS_LPC_MI_31Co_Kent_2016_LAS_2019__43.20252_-85.54607.npz
USGS_LPC_MI_Kalamazoo_2015_LAS_2018__42.28431_-85.43833,USGS_LPC_MI_Kalamazoo_2015_LAS_2018,42.28430557251,-85.438331604004,ok,96631,,/ocean/projects/bio260075p/sammlapp/eagle/cache/sites/cookies/22/USGS_LPC_MI_Kalamazoo_2015_LAS_2018__42.28431_-85.43833.npz
USGS_LPC_MI_31Co_Oakland_2016_LAS_2019__42.75359_-83.55375,USGS_LPC_MI_31Co_Oakland_2016_LAS_2019,42.753589630127,-83.553749084473,ok,134523,,/ocean/projects/bio260075p/sammlapp/eagle/cache/sites/cookies/a6/USGS_LPC_MI_31Co_Oakland_2016_LAS_2019__42.75359_-83.55375.npz
USGS_LPC_MI_Kalamazoo_2015_LAS_2018__42.25120_-85.60427,USGS_LPC_MI_Kalamazoo_2015_LAS_2018,42.251200978695,-85.604269521393,ok,139174,,/ocean/projects/bio260075p/sammlapp/eagle/cache/sites/cookies/77/USGS_LPC_MI_Kalamazoo_2015_LAS_2018__42.25120_-85.60427.npz
MI_31Co_Barry_2016__42.43153_-85.42204,MI_31Co_Barry_2016,42.431526184082,-85.422035217285,ok,62023,,/ocean/projects/bio260075p/sammlapp/eagle/cache/sites/cookies/14/MI_31Co_Barry_2016__42.43153_-85.42204.npz
ARRA-MI_4SECounties_2010__42.72490_-83.11625,ARRA-MI_4SECounties_2010,42.724899291992,-83.116249084473,empty,0,No points returned for this location.,/ocean/projects/bio260075p/sammlapp/eagle/cache/sites/cookies/92/ARRA-MI_4SECounties_2010__42.72490_-83.11625.npz
USGS_LPC_MI_31Co_Washtenaw_2016_LAS_2019__42.27846_-83.69697,USGS_LPC_MI_31Co_Washtenaw_2016_LAS_2019,42.278456265055,-83.696969851233,ok,122289,,/ocean/projects/bio260075p/sammlapp/eagle/cache/sites/cookies/29/USGS_LPC_MI_31Co_Washtenaw_2016_LAS_2019__42.27846_-83.69697.npz
USGS_LPC_MI_31Co_Oakland_2016_LAS_2019__42.52210_-83.23150,USGS_LPC_MI_31Co_Oakland_2016_LAS_2019,42.52209854126,-83.231498718262,ok,152169,,/ocean/projects/bio260075p/sammlapp/eagle/cache/sites/cookies/27/USGS_LPC_MI_31Co_Oakland_2016_LAS_2019__42.52210_-83.23150.npz
USGS_LPC_MI_Kalamazoo_2015_LAS_2018__42.30893_-85.52184,USGS_LPC_MI_Kalamazoo_2015_LAS_2018,42.308929443359,-85.521842956543,ok,128335,,/ocean/projects/bio260075p/sammlapp/eagle/cache/sites/cookies/95/USGS_LPC_MI_Kalamazoo_2015_LAS_2018__42.30893_-85.52184.npz
MI_31Co_Barry_2016__42.43258_-85.41911,MI_31Co_Barry_2016,42.432576921633,-85.419112192885,ok,55256,,/ocean/projects/bio260075p/sammlapp/eagle/cache/sites/cookies/5f/MI_31Co_Barry_2016__42.43258_-85.41911.npz
USGS_LPC_MI_WayneCo_2017_LAS_2018__42.34523_-82.96447,USGS_LPC_MI_WayneCo_2017_LAS_2018,42.345226287842,-82.964469909668,ok,99973,,/ocean/projects/bio260075p/sammlapp/eagle/cache/sites/cookies/02/USGS_LPC_MI_WayneCo_2017_LAS_2018__42.34523_-82.96447.npz
USGS_LPC_MI_Kalamazoo_2015_LAS_2018__42.37590_-85.52374,USGS_LPC_MI_Kalamazoo_2015_LAS_2018,42.375900268555,-85.523742675781,ok,125924,,/ocean/projects/bio260075p/sammlapp/eagle/cache/sites/cookies/8b/USGS_LPC_MI_Kalamazoo_2015_LAS_2018__42.37590_-85.52374.npz
USGS_LPC_MI_31Co_Macomb_2016_LAS_2019__42.75860_-83.07960,USGS_LPC_MI_31Co_Macomb_2016_LAS_2019,42.758598327637,-83.079597473145,ok,68365,,/ocean/projects/bio260075p/sammlapp/eagle/cache/sites/cookies/bc/USGS_LPC_MI_31Co_Macomb_2016_LAS_2019__42.75860_-83.07960.npz
MI_CalhounCo_2017__42.24364_-84.72966,MI_CalhounCo_2017,42.243637084961,-84.72966003418,ok,97960,,/ocean/projects/bio260075p/sammlapp/eagle/cache/sites/cookies/8e/MI_CalhounCo_2017__42.24364_-84.72966.npz
MI_CalhounCo_2017__42.23893_-84.72976,MI_CalhounCo_2017,42.238925933838,-84.729759216309,ok,81188,,/ocean/projects/bio260075p/sammlapp/eagle/cache/sites/cookies/5e/MI_CalhounCo_2017__42.23893_-84.72976.npz
MI_CalhounCo_2017__42.24163_-84.73148,MI_CalhounCo_2017,42.241626739502,-84.731483459473,ok,221559,,/ocean/projects/bio260075p/sammlapp/eagle/cache/sites/cookies/1e/MI_CalhounCo_2017__42.24163_-84.73148.npz
MI_CalhounCo_2017__42.24137_-84.73608,MI_CalhounCo_2017,42.241371154785,-84.73607635498,ok,150556,,/ocean/projects/bio260075p/sammlapp/eagle/cache/sites/cookies/0d/MI_CalhounCo_2017__42.24137_-84.73608.npz
MI_FEMA_Gogebic_2019__46.50937_-90.08988,MI_FEMA_Gogebic_2019,46.509372711182,-90.089881896973,ok,73942,,/ocean/projects/bio260075p/sammlapp/eagle/cache/sites/cookies/c6/MI_FEMA_Gogebic_2019__46.50937_-90.08988.npz
USGS_LPC_MI_31Co_Oakland_2016_LAS_2019__42.47696_-83.15623,USGS_LPC_MI_31Co_Oakland_2016_LAS_2019,42.476959741463,-83.156229879095,ok,79204,,/ocean/projects/bio260075p/sammlapp/eagle/cache/sites/cookies/7d/USGS_LPC_MI_31Co_Oakland_2016_LAS_2019__42.47696_-83.15623.npz
USGS_LPC_MI_31Co_Ottawa_2016_LAS_2019__42.79811_-85.98427,USGS_LPC_MI_31Co_Ottawa_2016_LAS_2019,42.798108600709,-85.984271901871,ok,79452,,/ocean/projects/bio260075p/sammlapp/eagle/cache/sites/cookies/5d/USGS_LPC_MI_31Co_Ottawa_2016_LAS_2019__42.79811_-85.98427.npz
USGS_LPC_MI_31Co_Eaton_2016_LAS_2019__42.47338_-84.81251,USGS_LPC_MI_31Co_Eaton_2016_LAS_2019,42.4733822162,-84.812509934291,ok,150667,,/ocean/projects/bio260075p/sammlapp/eagle/cache/sites/cookies/0b/USGS_LPC_MI_31Co_Eaton_2016_LAS_2019__42.47338_-84.81251.npz
USGS_LPC_MI_31Co_StClair_2016_LAS_2019__43.00972_-82.57227,USGS_LPC_MI_31Co_StClair_2016_LAS_2019,43.009722309057,-82.572268375486,ok,92957,,/ocean/projects/bio260075p/sammlapp/eagle/cache/sites/cookies/8c/USGS_LPC_MI_31Co_StClair_2016_LAS_2019__43.00972_-82.57227.npz
USGS_LPC_MI_31Co_StClair_2016_LAS_2019__43.10728_-82.49101,USGS_LPC_MI_31Co_StClair_2016_LAS_2019,43.107280727123,-82.491010901911,ok,280695,,/ocean/projects/bio260075p/sammlapp/eagle/cache/sites/cookies/2d/USGS_LPC_MI_31Co_StClair_2016_LAS_2019__43.10728_-82.49101.npz
USGS_LPC_MI_GrandTraverseCO_2015_LAS_2017__44.81888_-85.45936,USGS_LPC_MI_GrandTraverseCO_2015_LAS_2017,44.818881127744,-85.459355884253,ok,99605,,/ocean/projects/bio260075p/sammlapp/eagle/cache/sites/cookies/fb/USGS_LPC_MI_GrandTraverseCO_2015_LAS_2017__44.81888_-85.45936.npz
IN_Statewide_Opt1_B1_2017__41.77602_-86.40451,IN_Statewide_Opt1_B1_2017,41.776018664164,-86.404509889739,ok,131008,,/ocean/projects/bio260075p/sammlapp/eagle/cache/sites/cookies/2f/IN_Statewide_Opt1_B1_2017__41.77602_-86.40451.npz
USGS_LPC_MI_31Co_StClair_2016_LAS_2019__42.65367_-82.51877,USGS_LPC_MI_31Co_StClair_2016_LAS_2019,42.653670046317,-82.518771687824,ok,71734,,/ocean/projects/bio260075p/sammlapp/eagle/cache/sites/cookies/14/USGS_LPC_MI_31Co_StClair_2016_LAS_2019__42.65367_-82.51877.npz
USGS_LPC_MI_31Co_Oakland_2016_LAS_2019__42.47639_-83.37986,USGS_LPC_MI_31Co_Oakland_2016_LAS_2019,42.476393231561,-83.379856336027,ok,174517,,/ocean/projects/bio260075p/sammlapp/eagle/cache/sites/cookies/09/USGS_LPC_MI_31Co_Oakland_2016_LAS_2019__42.47639_-83.37986.npz
USGS_LPC_MI_Kalamazoo_2015_LAS_2018__42.33139_-85.67045,USGS_LPC_MI_Kalamazoo_2015_LAS_2018,42.331386566162,-85.670448303223,ok,270927,,/ocean/projects/bio260075p/sammlapp/eagle/cache/sites/cookies/0c/USGS_LPC_MI_Kalamazoo_2015_LAS_2018__42.33139_-85.67045.npz
USGS_LPC_MI_Kalamazoo_2015_LAS_2018__42.32886_-85.67210,USGS_LPC_MI_Kalamazoo_2015_LAS_2018,42.328857421875,-85.672103881836,ok,82665,,/ocean/projects/bio260075p/sammlapp/eagle/cache/sites/cookies/fe/USGS_LPC_MI_Kalamazoo_2015_LAS_2018__42.32886_-85.67210.npz
USGS_LPC_MI_Kalamazoo_2015_LAS_2018__42.21618_-85.67127,USGS_LPC_MI_Kalamazoo_2015_LAS_2018,42.216180052549,-85.671274106614,ok,130462,,/ocean/projects/bio260075p/sammlapp/eagle/cache/sites/cookies/d3/USGS_LPC_MI_Kalamazoo_2015_LAS_2018__42.21618_-85.67127.npz
USGS_LPC_MI_Kalamazoo_2015_LAS_2018__42.36400_-85.58584,USGS_LPC_MI_Kalamazoo_2015_LAS_2018,42.363998413086,-85.585838317871,ok,205910,,/ocean/projects/bio260075p/sammlapp/eagle/cache/sites/cookies/f0/USGS_LPC_MI_Kalamazoo_2015_LAS_2018__42.36400_-85.58584.npz
USGS_LPC_MI_31Co_Washtenaw_2016_LAS_2019__42.26719_-83.78189,USGS_LPC_MI_31Co_Washtenaw_2016_LAS_2019,42.267194443202,-83.78188889977,ok,123429,,/ocean/projects/bio260075p/sammlapp/eagle/cache/sites/cookies/aa/USGS_LPC_MI_31Co_Washtenaw_2016_LAS_2019__42.26719_-83.78189.npz
USGS_LPC_MI_31Co_StClair_2016_LAS_2019__42.96829_-82.42118,USGS_LPC_MI_31Co_StClair_2016_LAS_2019,42.96828725721,-82.421181659846,ok,49481,,/ocean/projects/bio260075p/sammlapp/eagle/cache/sites/cookies/4e/USGS_LPC_MI_31Co_StClair_2016_LAS_2019__42.96829_-82.42118.npz
USGS_LPC_MI_31Co_StClair_2016_LAS_2019__42.96149_-82.42755,USGS_LPC_MI_31Co_StClair_2016_LAS_2019,42.96149437892,-82.427552009524,ok,176807,,/ocean/projects/bio260075p/sammlapp/eagle/cache/sites/cookies/4d/USGS_LPC_MI_31Co_StClair_2016_LAS_2019__42.96149_-82.42755.npz
USGS_LPC_MI_CalhounCo_2017_LAS_2019__42.24353_-85.14950,USGS_LPC_MI_CalhounCo_2017_LAS_2019,42.243530273438,-85.14949798584,ok,51840,,/ocean/projects/bio260075p/sammlapp/eagle/cache/sites/cookies/af/USGS_LPC_MI_CalhounCo_2017_LAS_2019__42.24353_-85.14950.npz
MI_CalhounCo_2017__42.24353_-85.14950,MI_CalhounCo_2017,42.243530273438,-85.14949798584,ok,51840,,/ocean/projects/bio260075p/sammlapp/eagle/cache/sites/cookies/c3/MI_CalhounCo_2017__42.24353_-85.14950.npz
USGS_LPC_MI_31Co_Kent_2016_LAS_2019__42.99362_-85.74035,USGS_LPC_MI_31Co_Kent_2016_LAS_2019,42.993618011475,-85.740348815918,ok,91801,,/ocean/projects/bio260075p/sammlapp/eagle/cache/sites/cookies/05/USGS_LPC_MI_31Co_Kent_2016_LAS_2019__42.99362_-85.74035.npz
USGS_LPC_MI_31Co_Kent_2016_LAS_2019__43.00314_-85.63371,USGS_LPC_MI_31Co_Kent_2016_LAS_2019,43.003135681152,-85.63370513916,ok,151116,,/ocean/projects/bio260075p/sammlapp/eagle/cache/sites/cookies/e8/USGS_LPC_MI_31Co_Kent_2016_LAS_2019__43.00314_-85.63371.npz
USGS_LPC_MI_13Co_VanBurrenCo_2015_LAS_2017__42.32927_-85.84294,USGS_LPC_MI_13Co_VanBurrenCo_2015_LAS_2017,42.329265594482,-85.84294128418,ok,87603,,/ocean/projects/bio260075p/sammlapp/eagle/cache/sites/cookies/80/USGS_LPC_MI_13Co_VanBurrenCo_2015_LAS_2017__42.32927_-85.84294.npz
USGS_LPC_MI_16Co_Lapeer_2015_LAS_2018__42.94250_-83.38356,USGS_LPC_MI_16Co_Lapeer_2015_LAS_2018,42.942501089242,-83.383558476194,ok,273413,,/ocean/projects/bio260075p/sammlapp/eagle/cache/sites/cookies/97/USGS_LPC_MI_16Co_Lapeer_2015_LAS_2018__42.94250_-83.38356.npz
USGS_LPC_MI_Kalamazoo_2015_LAS_2018__42.34837_-85.74032,USGS_LPC_MI_Kalamazoo_2015_LAS_2018,42.348373920011,-85.740320338068,ok,181824,,/ocean/projects/bio260075p/sammlapp/eagle/cache/sites/cookies/18/USGS_LPC_MI_Kalamazoo_2015_LAS_2018__42.34837_-85.74032.npz
USGS_LPC_MI_31Co_StClair_2016_LAS_2019__43.08045_-82.62465,USGS_LPC_MI_31Co_StClair_2016_LAS_2019,43.08045437569,-82.624646757408,ok,71467,,/ocean/projects/bio260075p/sammlapp/eagle/cache/sites/cookies/59/USGS_LPC_MI_31Co_StClair_2016_LAS_2019__43.08045_-82.62465.npz
IN_Statewide_Opt1_B1_2017__41.77648_-86.40430,IN_Statewide_Opt1_B1_2017,41.776481723183,-86.404299036705,ok,138131,,/ocean/projects/bio260075p/sammlapp/eagle/cache/sites/cookies/c4/IN_Statewide_Opt1_B1_2017__41.77648_-86.40430.npz
USGS_LPC_MI_31Co_Jackson_2016_LAS_2019__42.32550_-84.28968,USGS_LPC_MI_31Co_Jackson_2016_LAS_2019,42.325496673584,-84.289680480957,ok,37016,,/ocean/projects/bio260075p/sammlapp/eagle/cache/sites/cookies/b7/USGS_LPC_MI_31Co_Jackson_2016_LAS_2019__42.32550_-84.28968.npz
USGS_LPC_MI_31Co_Washtenaw_2016_LAS_2019__42.24180_-83.71008,USGS_LPC_MI_31Co_Washtenaw_2016_LAS_2019,42.241796936,-83.710084727682,ok,142875,,/ocean/projects/bio260075p/sammlapp/eagle/cache/sites/cookies/ed/USGS_LPC_MI_31Co_Washtenaw_2016_LAS_2019__42.24180_-83.71008.npz
USGS_LPC_MI_31Co_Washtenaw_2016_LAS_2019__42.26026_-83.76074,USGS_LPC_MI_31Co_Washtenaw_2016_LAS_2019,42.260264921608,-83.760740688308,ok,99395,,/ocean/projects/bio260075p/sammlapp/eagle/cache/sites/cookies/b2/USGS_LPC_MI_31Co_Washtenaw_2016_LAS_2019__42.26026_-83.76074.npz
USGS_LPC_MI_31Co_Washtenaw_2016_LAS_2019__42.29332_-83.74916,USGS_LPC_MI_31Co_Washtenaw_2016_LAS_2019,42.293319631373,-83.749164915117,ok,128912,,/ocean/projects/bio260075p/sammlapp/eagle/cache/sites/cookies/c9/USGS_LPC_MI_31Co_Washtenaw_2016_LAS_2019__42.29332_-83.74916.npz
USGS_LPC_MI_WayneCo_2017_LAS_2018__42.20832_-83.46429,USGS_LPC_MI_WayneCo_2017_LAS_2018,42.208319948888,-83.464289583707,ok,147794,,/ocean/projects/bio260075p/sammlapp/eagle/cache/sites/cookies/a4/USGS_LPC_MI_WayneCo_2017_LAS_2018__42.20832_-83.46429.npz
USGS_LPC_MI_Kalamazoo_2015_LAS_2018__42.23944_-85.58021,USGS_LPC_MI_Kalamazoo_2015_LAS_2018,42.239440917969,-85.580207824707,ok,306507,,/ocean/projects/bio260075p/sammlapp/eagle/cache/sites/cookies/18/USGS_LPC_MI_Kalamazoo_2015_LAS_2018__42.23944_-85.58021.npz
USGS_LPC_MI_31Co_StClair_2016_LAS_2019__42.89324_-82.47904,USGS_LPC_MI_31Co_StClair_2016_LAS_2019,42.893238607253,-82.479043202353,ok,65173,,/ocean/projects/bio260075p/sammlapp/eagle/cache/sites/cookies/14/USGS_LPC_MI_31Co_StClair_2016_LAS_2019__42.89324_-82.47904.npz
USGS_LPC_MI_31Co_StClair_2016_LAS_2019__42.83313_-82.50425,USGS_LPC_MI_31Co_StClair_2016_LAS_2019,42.833134852719,-82.504246719852,ok,202133,,/ocean/projects/bio260075p/sammlapp/eagle/cache/sites/cookies/b2/USGS_LPC_MI_31Co_StClair_2016_LAS_2019__42.83313_-82.50425.npz
USGS_LPC_MI_31Co_Kent_2016_LAS_2019__43.06049_-85.57657,USGS_LPC_MI_31Co_Kent_2016_LAS_2019,43.060488502803,-85.5765694082,ok,93148,,/ocean/projects/bio260075p/sammlapp/eagle/cache/sites/cookies/5c/USGS_LPC_MI_31Co_Kent_2016_LAS_2019__43.06049_-85.57657.npz
USGS_LPC_MI_31Co_Oakland_2016_LAS_2019__42.76691_-83.11403,USGS_LPC_MI_31Co_Oakland_2016_LAS_2019,42.766905980991,-83.114027576814,ok,129246,,/ocean/projects/bio260075p/sammlapp/eagle/cache/sites/cookies/4a/USGS_LPC_MI_31Co_Oakland_2016_LAS_2019__42.76691_-83.11403.npz
USGS_LPC_MI_25County_AlleganCo_2015_LAS_2017__42.45234_-85.71120,USGS_LPC_MI_25County_AlleganCo_2015_LAS_2017,42.452335357666,-85.711196899414,ok,155076,,/ocean/projects/bio260075p/sammlapp/eagle/cache/sites/cookies/dd/USGS_LPC_MI_25County_AlleganCo_2015_LAS_2017__42.45234_-85.71120.npz
USGS_LPC_MI_Kalamazoo_2015_LAS_2018__42.24021_-85.57725,USGS_LPC_MI_Kalamazoo_2015_LAS_2018,42.240214140334,-85.57724567916,ok,202651,,/ocean/projects/bio260075p/sammlapp/eagle/cache/sites/cookies/58/USGS_LPC_MI_Kalamazoo_2015_LAS_2018__42.24021_-85.57725.npz
USGS_LPC_MI_Kalamazoo_2015_LAS_2018__42.25154_-85.63282,USGS_LPC_MI_Kalamazoo_2015_LAS_2018,42.251537322998,-85.632820129395,ok,145913,,/ocean/projects/bio260075p/sammlapp/eagle/cache/sites/cookies/23/USGS_LPC_MI_Kalamazoo_2015_LAS_2018__42.25154_-85.63282.npz
USGS_LPC_MI_31Co_Hillsdale_2016_LAS_2019__41.86489_-84.52768,USGS_LPC_MI_31Co_Hillsdale_2016_LAS_2019,41.864887237549,-84.527679443359,ok,426736,,/ocean/projects/bio260075p/sammlapp/eagle/cache/sites/cookies/f9/USGS_LPC_MI_31Co_Hillsdale_2016_LAS_2019__41.86489_-84.52768.npz
USGS_LPC_MI_Kalamazoo_2015_LAS_2018__42.27937_-85.72179,USGS_LPC_MI_Kalamazoo_2015_LAS_2018,42.279369354248,-85.721794128418,ok,145334,,/ocean/projects/bio260075p/sammlapp/eagle/cache/sites/cookies/c9/USGS_LPC_MI_Kalamazoo_2015_LAS_2018__42.27937_-85.72179.npz
USGS_LPC_MI_Kalamazoo_2015_LAS_2018__42.17401_-85.76934,USGS_LPC_MI_Kalamazoo_2015_LAS_2018,42.174005473888,-85.769340446921,ok,92650,,/ocean/projects/bio260075p/sammlapp/eagle/cache/sites/cookies/2b/USGS_LPC_MI_Kalamazoo_2015_LAS_2018__42.17401_-85.76934.npz
USGS_LPC_MI_13Co_VanBurrenCo_2015_LAS_2017__42.17401_-85.76934,USGS_LPC_MI_13Co_VanBurrenCo_2015_LAS_2017,42.174005473888,-85.769340446921,ok,72194,,/ocean/projects/bio260075p/sammlapp/eagle/cache/sites/cookies/ef/USGS_LPC_MI_13Co_VanBurrenCo_2015_LAS_2017__42.17401_-85.76934.npz
USGS_LPC_MI_31Co_Washtenaw_2016_LAS_2019__42.26722_-83.78145,USGS_LPC_MI_31Co_Washtenaw_2016_LAS_2019,42.267216290223,-83.781454009786,ok,113361,,/ocean/projects/bio260075p/sammlapp/eagle/cache/sites/cookies/39/USGS_LPC_MI_31Co_Washtenaw_2016_LAS_2019__42.26722_-83.78145.npz
USGS_LPC_MI_31Co_Washtenaw_2016_LAS_2019__42.14990_-84.05467,USGS_LPC_MI_31Co_Washtenaw_2016_LAS_2019,42.149898529053,-84.054672241211,ok,181963,,/ocean/projects/bio260075p/sammlapp/eagle/cache/sites/cookies/94/USGS_LPC_MI_31Co_Washtenaw_2016_LAS_2019__42.14990_-84.05467.npz
MI_CalhounCo_2017__42.23629_-84.94197,MI_CalhounCo_2017,42.236289978027,-84.941970825195,ok,73868,,/ocean/projects/bio260075p/sammlapp/eagle/cache/sites/cookies/79/MI_CalhounCo_2017__42.23629_-84.94197.npz
USGS_LPC_MI_Kalamazoo_2015_LAS_2018__42.39295_-85.38326,USGS_LPC_MI_Kalamazoo_2015_LAS_2018,42.392948150635,-85.383262634277,ok,109548,,/ocean/projects/bio260075p/sammlapp/eagle/cache/sites/cookies/bc/USGS_LPC_MI_Kalamazoo_2015_LAS_2018__42.39295_-85.38326.npz
MI_CalhounCo_2017__42.33721_-85.17294,MI_CalhounCo_2017,42.337211608887,-85.172943115234,ok,27015,,/ocean/projects/bio260075p/sammlapp/eagle/cache/sites/cookies/29/MI_CalhounCo_2017__42.33721_-85.17294.npz
MI_CalhounCo_2017__42.24508_-85.15189,MI_CalhounCo_2017,42.245079040527,-85.151885986328,ok,90432,,/ocean/projects/bio260075p/sammlapp/eagle/cache/sites/cookies/7e/MI_CalhounCo_2017__42.24508_-85.15189.npz
USGS_LPC_MI_CalhounCo_2017_LAS_2019__42.27999_-85.24455,USGS_LPC_MI_CalhounCo_2017_LAS_2019,42.279991149902,-85.244552612305,ok,203161,,/ocean/projects/bio260075p/sammlapp/eagle/cache/sites/cookies/5b/USGS_LPC_MI_CalhounCo_2017_LAS_2019__42.27999_-85.24455.npz
MI_CalhounCo_2017__42.27999_-85.24455,MI_CalhounCo_2017,42.279991149902,-85.244552612305,ok,203161,,/ocean/projects/bio260075p/sammlapp/eagle/cache/sites/cookies/37/MI_CalhounCo_2017__42.27999_-85.24455.npz
USGS_LPC_MI_31Co_Washtenaw_2016_LAS_2019__42.31886_-83.73261,USGS_LPC_MI_31Co_Washtenaw_2016_LAS_2019,42.318859100342,-83.732612609863,ok,46148,,/ocean/projects/bio260075p/sammlapp/eagle/cache/sites/cookies/04/USGS_LPC_MI_31Co_Washtenaw_2016_LAS_2019__42.31886_-83.73261.npz
MI_CalhounCo_2017__42.24228_-85.16388,MI_CalhounCo_2017,42.242279052734,-85.163879394531,ok,174820,,/ocean/projects/bio260075p/sammlapp/eagle/cache/sites/cookies/af/MI_CalhounCo_2017__42.24228_-85.16388.npz
USGS_LPC_MI_31Co_Washtenaw_2016_LAS_2019__42.25678_-83.70586,USGS_LPC_MI_31Co_Washtenaw_2016_LAS_2019,42.256782481103,-83.705864462643,ok,249474,,/ocean/projects/bio260075p/sammlapp/eagle/cache/sites/cookies/76/USGS_LPC_MI_31Co_Washtenaw_2016_LAS_2019__42.25678_-83.70586.npz
USGS_LPC_MI_31Co_Washtenaw_2016_LAS_2019__42.29918_-83.66099,USGS_LPC_MI_31Co_Washtenaw_2016_LAS_2019,42.299175262451,-83.660987854004,ok,201920,,/ocean/projects/bio260075p/sammlapp/eagle/cache/sites/cookies/d9/USGS_LPC_MI_31Co_Washtenaw_2016_LAS_2019__42.29918_-83.66099.npz
USGS_LPC_MI_GrandTraverseCO_2015_LAS_2017__44.73574_-85.73620,USGS_LPC_MI_GrandTraverseCO_2015_LAS_2017,44.735736846924,-85.736198425293,ok,347955,,/ocean/projects/bio260075p/sammlapp/eagle/cache/sites/cookies/46/USGS_LPC_MI_GrandTraverseCO_2015_LAS_2017__44.73574_-85.73620.npz
USGS_LPC_MI_31Co_Kent_2016_LAS_2019__42.96310_-85.70524,USGS_LPC_MI_31Co_Kent_2016_LAS_2019,42.963104248047,-85.705238342285,ok,99304,,/ocean/projects/bio260075p/sammlapp/eagle/cache/sites/cookies/d6/USGS_LPC_MI_31Co_Kent_2016_LAS_2019__42.96310_-85.70524.npz
USGS_LPC_MI_31Co_Kent_2016_LAS_2019__42.92219_-85.76716,USGS_LPC_MI_31Co_Kent_2016_LAS_2019,42.922190265227,-85.767161978921,ok,53859,,/ocean/projects/bio260075p/sammlapp/eagle/cache/sites/cookies/90/USGS_LPC_MI_31Co_Kent_2016_LAS_2019__42.92219_-85.76716.npz
USGS_LPC_MI_GrandTraverseCO_2015_LAS_2017__44.71380_-85.62172,USGS_LPC_MI_GrandTraverseCO_2015_LAS_2017,44.713802337646,-85.621719360352,ok,124812,,/ocean/projects/bio260075p/sammlapp/eagle/cache/sites/cookies/fc/USGS_LPC_MI_GrandTraverseCO_2015_LAS_2017__44.71380_-85.62172.npz
USGS_LPC_MI_31Co_StClair_2016_LAS_2019__42.96608_-82.42550,USGS_LPC_MI_31Co_StClair_2016_LAS_2019,42.966078488475,-82.425501427885,ok,145448,,/ocean/projects/bio260075p/sammlapp/eagle/cache/sites/cookies/4b/USGS_LPC_MI_31Co_StClair_2016_LAS_2019__42.96608_-82.42550.npz
MI_FEMA_Houghton_Keweenaw_Ontonagon_2019__47.02945_-88.72624,MI_FEMA_Houghton_Keweenaw_Ontonagon_2019,47.029445648193,-88.72624206543,ok,266534,,/ocean/projects/bio260075p/sammlapp/eagle/cache/sites/cookies/c7/MI_FEMA_Houghton_Keweenaw_Ontonagon_2019__47.02945_-88.72624.npz
MI_FEMA_Houghton_Keweenaw_Ontonagon_2019__47.15686_-88.53554,MI_FEMA_Houghton_Keweenaw_Ontonagon_2019,47.156856536865,-88.535537719727,ok,413383,,/ocean/projects/bio260075p/sammlapp/eagle/cache/sites/cookies/c1/MI_FEMA_Houghton_Keweenaw_Ontonagon_2019__47.15686_-88.53554.npz
USGS_LPC_MI_GrandTraverseCO_2015_LAS_2017__44.64926_-85.47382,USGS_LPC_MI_GrandTraverseCO_2015_LAS_2017,44.649257659912,-85.473815917969,ok,298131,,/ocean/projects/bio260075p/sammlapp/eagle/cache/sites/cookies/8e/USGS_LPC_MI_GrandTraverseCO_2015_LAS_2017__44.64926_-85.47382.npz
MI_FEMA_Houghton_Keweenaw_Ontonagon_2019__47.31854_-88.46987,MI_FEMA_Houghton_Keweenaw_Ontonagon_2019,47.318538665771,-88.469871520996,ok,162243,,/ocean/projects/bio260075p/sammlapp/eagle/cache/sites/cookies/c5/MI_FEMA_Houghton_Keweenaw_Ontonagon_2019__47.31854_-88.46987.npz
MI_FEMA_Houghton_Keweenaw_Ontonagon_2019__47.18284_-88.63921,MI_FEMA_Houghton_Keweenaw_Ontonagon_2019,47.182838439941,-88.639213562012,ok,156651,,/ocean/projects/bio260075p/sammlapp/eagle/cache/sites/cookies/31/MI_FEMA_Houghton_Keweenaw_Ontonagon_2019__47.18284_-88.63921.npz
USGS_LPC_MI_13Co_VanBurrenCo_2015_LAS_2017__42.18842_-85.81239,USGS_LPC_MI_13Co_VanBurrenCo_2015_LAS_2017,42.188419342041,-85.812393188477,ok,171090,,/ocean/projects/bio260075p/sammlapp/eagle/cache/sites/cookies/a8/USGS_LPC_MI_13Co_VanBurrenCo_2015_LAS_2017__42.18842_-85.81239.npz
USGS_LPC_MI_31Co_Washtenaw_2016_LAS_2019__42.30264_-83.72990,USGS_LPC_MI_31Co_Washtenaw_2016_LAS_2019,42.302639007568,-83.729904174805,ok,130303,,/ocean/projects/bio260075p/sammlapp/eagle/cache/sites/cookies/56/USGS_LPC_MI_31Co_Washtenaw_2016_LAS_2019__42.30264_-83.72990.npz
USGS_LPC_MI_31Co_Washtenaw_2016_LAS_2019__42.27948_-83.70674,USGS_LPC_MI_31Co_Washtenaw_2016_LAS_2019,42.279476165771,-83.706741333008,ok,107985,,/ocean/projects/bio260075p/sammlapp/eagle/cache/sites/cookies/a4/USGS_LPC_MI_31Co_Washtenaw_2016_LAS_2019__42.27948_-83.70674.npz
USGS_LPC_MI_31Co_Washtenaw_2016_LAS_2019__42.29953_-83.75040,USGS_LPC_MI_31Co_Washtenaw_2016_LAS_2019,42.299530029297,-83.75040435791,ok,233957,,/ocean/projects/bio260075p/sammlapp/eagle/cache/sites/cookies/55/USGS_LPC_MI_31Co_Washtenaw_2016_LAS_2019__42.29953_-83.75040.npz
USGS_LPC_MI_31Co_Washtenaw_2016_LAS_2019__42.31419_-83.66442,USGS_LPC_MI_31Co_Washtenaw_2016_LAS_2019,42.314193725586,-83.664421081543,ok,138644,,/ocean/projects/bio260075p/sammlapp/eagle/cache/sites/cookies/a0/USGS_LPC_MI_31Co_Washtenaw_2016_LAS_2019__42.31419_-83.66442.npz
USGS_LPC_MI_31Co_Washtenaw_2016_LAS_2019__42.24211_-83.71028,USGS_LPC_MI_31Co_Washtenaw_2016_LAS_2019,42.242110883561,-83.710276513657,ok,105154,,/ocean/projects/bio260075p/sammlapp/eagle/cache/sites/cookies/f0/USGS_LPC_MI_31Co_Washtenaw_2016_LAS_2019__42.24211_-83.71028.npz
USGS_LPC_MI_13Co_VanBurrenCo_2015_LAS_2017__42.29181_-85.78778,USGS_LPC_MI_13Co_VanBurrenCo_2015_LAS_2017,42.291809082031,-85.787780761719,ok,129099,,/ocean/projects/bio260075p/sammlapp/eagle/cache/sites/cookies/ed/USGS_LPC_MI_13Co_VanBurrenCo_2015_LAS_2017__42.29181_-85.78778.npz
USGS_LPC_MI_31Co_StClair_2016_LAS_2019__43.03995_-82.49002,USGS_LPC_MI_31Co_StClair_2016_LAS_2019,43.039951324463,-82.490020751953,ok,199564,,/ocean/projects/bio260075p/sammlapp/eagle/cache/sites/cookies/2a/USGS_LPC_MI_31Co_StClair_2016_LAS_2019__43.03995_-82.49002.npz
USGS_LPC_MI_31Co_StClair_2016_LAS_2019__42.97836_-82.64989,USGS_LPC_MI_31Co_StClair_2016_LAS_2019,42.978363037109,-82.649894714355,ok,90393,,/ocean/projects/bio260075p/sammlapp/eagle/cache/sites/cookies/4a/USGS_LPC_MI_31Co_StClair_2016_LAS_2019__42.97836_-82.64989.npz
USGS_LPC_MI_31Co_Washtenaw_2016_LAS_2019__42.30501_-83.75312,USGS_LPC_MI_31Co_Washtenaw_2016_LAS_2019,42.30500793457,-83.753120422363,ok,119150,,/ocean/projects/bio260075p/sammlapp/eagle/cache/sites/cookies/e7/USGS_LPC_MI_31Co_Washtenaw_2016_LAS_2019__42.30501_-83.75312.npz
USGS_LPC_MI_31Co_StClair_2016_LAS_2019__43.02161_-82.64209,USGS_LPC_MI_31Co_StClair_2016_LAS_2019,43.021606445313,-82.64208984375,ok,131155,,/ocean/projects/bio260075p/sammlapp/eagle/cache/sites/cookies/99/USGS_LPC_MI_31Co_StClair_2016_LAS_2019__43.02161_-82.64209.npz
USGS_LPC_MI_Kalamazoo_2015_LAS_2018__42.17761_-85.60382,USGS_LPC_MI_Kalamazoo_2015_LAS_2018,42.17760848999,-85.603820800781,ok,127594,,/ocean/projects/bio260075p/sammlapp/eagle/cache/sites/cookies/41/USGS_LPC_MI_Kalamazoo_2015_LAS_2018__42.17761_-85.60382.npz
USGS_LPC_MI_31Co_StClair_2016_LAS_2019__42.84688_-82.71276,USGS_LPC_MI_31Co_StClair_2016_LAS_2019,42.846882216778,-82.712760225366,ok,82202,,/ocean/projects/bio260075p/sammlapp/eagle/cache/sites/cookies/fc/USGS_LPC_MI_31Co_StClair_2016_LAS_2019__42.84688_-82.71276.npz
USGS_LPC_MO_StLouis_2017_LAS_2018__38.64239_-90.56337,USGS_LPC_MO_StLouis_2017_LAS_2018,38.642391204834,-90.563369750977,ok,69248,,/ocean/projects/bio260075p/sammlapp/eagle/cache/sites/cookies/b1/USGS_LPC_MO_StLouis_2017_LAS_2018__38.64239_-90.56337.npz
MO_WestCentral_4_2018__38.70383_-91.15350,MO_WestCentral_4_2018,38.703830718994,-91.153503417969,ok,208959,,/ocean/projects/bio260075p/sammlapp/eagle/cache/sites/cookies/c0/MO_WestCentral_4_2018__38.70383_-91.15350.npz
USGS_LPC_MO_StLouis_2017_LAS_2018__38.61222_-90.25967,USGS_LPC_MO_StLouis_2017_LAS_2018,38.612216949463,-90.259674072266,ok,147422,,/ocean/projects/bio260075p/sammlapp/eagle/cache/sites/cookies/9a/USGS_LPC_MO_StLouis_2017_LAS_2018__38.61222_-90.25967.npz
MO_NSEMO_1_2021__38.46844_-90.81743,MO_NSEMO_1_2021,38.468444824219,-90.817428588867,ok,379485,,/ocean/projects/bio260075p/sammlapp/eagle/cache/sites/cookies/80/MO_NSEMO_1_2021__38.46844_-90.81743.npz
USGS_LPC_MO_StLouis_2017_LAS_2018__38.62000_-90.38000,USGS_LPC_MO_StLouis_2017_LAS_2018,38.62,-90.38,ok,97371,,/ocean/projects/bio260075p/sammlapp/eagle/cache/sites/cookies/93/USGS_LPC_MO_StLouis_2017_LAS_2018__38.62000_-90.38000.npz
USGS_LPC_MO_StLouis_2017_LAS_2018__38.51000_-90.58000,USGS_LPC_MO_StLouis_2017_LAS_2018,38.51,-90.58,ok,184980,,/ocean/projects/bio260075p/sammlapp/eagle/cache/sites/cookies/91/USGS_LPC_MO_StLouis_2017_LAS_2018__38.51000_-90.58000.npz
USGS_LPC_MO_StLouis_2017_LAS_2018__38.71000_-90.40000,USGS_LPC_MO_StLouis_2017_LAS_2018,38.71,-90.4,ok,252862,,/ocean/projects/bio260075p/sammlapp/eagle/cache/sites/cookies/5f/USGS_LPC_MO_StLouis_2017_LAS_2018__38.71000_-90.40000.npz
USGS_LPC_MO_StLouis_2017_LAS_2018__38.61000_-90.49000,USGS_LPC_MO_StLouis_2017_LAS_2018,38.61,-90.49,ok,159616,,/ocean/projects/bio260075p/sammlapp/eagle/cache/sites/cookies/3d/USGS_LPC_MO_StLouis_2017_LAS_2018__38.61000_-90.49000.npz
USGS_LPC_MO_StLouis_2017_LAS_2018__38.69000_-90.68000,USGS_LPC_MO_StLouis_2017_LAS_2018,38.69,-90.68,ok,175104,,/ocean/projects/bio260075p/sammlapp/eagle/cache/sites/cookies/0e/USGS_LPC_MO_StLouis_2017_LAS_2018__38.69000_-90.68000.npz
USGS_LPC_MO_StLouis_2017_LAS_2018__38.64000_-90.28000,USGS_LPC_MO_StLouis_2017_LAS_2018,38.64,-90.28,ok,69959,,/ocean/projects/bio260075p/sammlapp/eagle/cache/sites/cookies/95/USGS_LPC_MO_StLouis_2017_LAS_2018__38.64000_-90.28000.npz
USGS_LPC_MO_StLouis_2017_LAS_2018__38.66882_-90.54333,USGS_LPC_MO_StLouis_2017_LAS_2018,38.668815612793,-90.543334960938,ok,235388,,/ocean/projects/bio260075p/sammlapp/eagle/cache/sites/cookies/e2/USGS_LPC_MO_StLouis_2017_LAS_2018__38.66882_-90.54333.npz
MO_WestCentral_2_2018__38.66882_-90.54333,MO_WestCentral_2_2018,38.668815612793,-90.543334960938,empty,0,No points returned for this location.,/ocean/projects/bio260075p/sammlapp/eagle/cache/sites/cookies/61/MO_WestCentral_2_2018__38.66882_-90.54333.npz
USGS_LPC_MO_StLouis_2017_LAS_2018__38.81000_-90.18000,USGS_LPC_MO_StLouis_2017_LAS_2018,38.81,-90.18,ok,218541,,/ocean/projects/bio260075p/sammlapp/eagle/cache/sites/cookies/5d/USGS_LPC_MO_StLouis_2017_LAS_2018__38.81000_-90.18000.npz
MO_NSEMO_1_2021__38.45000_-90.66000,MO_NSEMO_1_2021,38.45,-90.66,ok,286047,,/ocean/projects/bio260075p/sammlapp/eagle/cache/sites/cookies/28/MO_NSEMO_1_2021__38.45000_-90.66000.npz
USGS_LPC_IL_MadisonCo_2014_LAS_2016__38.86362_-90.16740,USGS_LPC_IL_MadisonCo_2014_LAS_2016,38.863620758057,-90.16739654541,ok,81506,,/ocean/projects/bio260075p/sammlapp/eagle/cache/sites/cookies/69/USGS_LPC_IL_MadisonCo_2014_LAS_2016__38.86362_-90.16740.npz
MO_WestCentral_2_2018__38.86362_-90.16740,MO_WestCentral_2_2018,38.863620758057,-90.16739654541,ok,247559,,/ocean/projects/bio260075p/sammlapp/eagle/cache/sites/cookies/43/MO_WestCentral_2_2018__38.86362_-90.16740.npz
USGS_LPC_MO_StLouis_2017_LAS_2018__38.64218_-90.56338,USGS_LPC_MO_StLouis_2017_LAS_2018,38.64218,-90.563382,ok,69279,,/ocean/projects/bio260075p/sammlapp/eagle/cache/sites/cookies/7f/USGS_LPC_MO_StLouis_2017_LAS_2018__38.64218_-90.56338.npz
USGS_LPC_MO_StLouis_2017_LAS_2018__38.64283_-90.28432,USGS_LPC_MO_StLouis_2017_LAS_2018,38.642829,-90.284316,ok,156039,,/ocean/projects/bio260075p/sammlapp/eagle/cache/sites/cookies/12/USGS_LPC_MO_StLouis_2017_LAS_2018__38.64283_-90.28432.npz
MO_WestCentral_2_2018__38.76484_-90.78948,MO_WestCentral_2_2018,38.764839,-90.789485,ok,609034,,/ocean/projects/bio260075p/sammlapp/eagle/cache/sites/cookies/70/MO_WestCentral_2_2018__38.76484_-90.78948.npz
MO_WestCentral_2_2018__38.88144_-90.92425,MO_WestCentral_2_2018,38.881444,-90.924247,ok,575185,,/ocean/projects/bio260075p/sammlapp/eagle/cache/sites/cookies/92/MO_WestCentral_2_2018__38.88144_-90.92425.npz
MO_WestCentral_2_2018__38.80099_-90.83905,MO_WestCentral_2_2018,38.800987,-90.839053,ok,550315,,/ocean/projects/bio260075p/sammlapp/eagle/cache/sites/cookies/cc/MO_WestCentral_2_2018__38.80099_-90.83905.npz
MO_WestCentral_2_2018__38.79973_-90.83741,MO_WestCentral_2_2018,38.799732208252,-90.837409973145,ok,854569,,/ocean/projects/bio260075p/sammlapp/eagle/cache/sites/cookies/74/MO_WestCentral_2_2018__38.79973_-90.83741.npz
USGS_LPC_MO_StLouis_2017_LAS_2018__38.63703_-90.29954,USGS_LPC_MO_StLouis_2017_LAS_2018,38.637027740479,-90.299537658691,ok,109422,,/ocean/projects/bio260075p/sammlapp/eagle/cache/sites/cookies/ba/USGS_LPC_MO_StLouis_2017_LAS_2018__38.63703_-90.29954.npz
MO_WestCentral_2_2018__38.88581_-90.93677,MO_WestCentral_2_2018,38.885814666748,-90.936767578125,ok,749188,,/ocean/projects/bio260075p/sammlapp/eagle/cache/sites/cookies/a5/MO_WestCentral_2_2018__38.88581_-90.93677.npz
MO_FEMANRCS_1_2020__39.06137_-94.29025,MO_FEMANRCS_1_2020,39.06136784724,-94.290250048544,empty,0,No points returned for this location.,/ocean/projects/bio260075p/sammlapp/eagle/cache/sites/cookies/56/MO_FEMANRCS_1_2020__39.06137_-94.29025.npz
MO_WestCentral_1_2018__39.06137_-94.29025,MO_WestCentral_1_2018,39.06136784724,-94.290250048544,ok,140989,,/ocean/projects/bio260075p/sammlapp/eagle/cache/sites/cookies/7f/MO_WestCentral_1_2018__39.06137_-94.29025.npz
MO_WestCentral_1_2018__39.04620_-94.28855,MO_WestCentral_1_2018,39.046198702377,-94.288548447414,empty,0,No points returned for this location.,/ocean/projects/bio260075p/sammlapp/eagle/cache/sites/cookies/7c/MO_WestCentral_1_2018__39.04620_-94.28855.npz
MO_FEMANRCS_1_2020__39.04620_-94.28855,MO_FEMANRCS_1_2020,39.046198702377,-94.288548447414,ok,216210,,/ocean/projects/bio260075p/sammlapp/eagle/cache/sites/cookies/55/MO_FEMANRCS_1_2020__39.04620_-94.28855.npz
MO_WestCentral_1_2018__38.88179_-94.57056,MO_WestCentral_1_2018,38.881785635527,-94.570562188483,ok,9164,,/ocean/projects/bio260075p/sammlapp/eagle/cache/sites/cookies/1c/MO_WestCentral_1_2018__38.88179_-94.57056.npz
MO_FEMANRCS_1_2020__38.88179_-94.57056,MO_FEMANRCS_1_2020,38.881785635527,-94.570562188483,ok,99362,,/ocean/projects/bio260075p/sammlapp/eagle/cache/sites/cookies/35/MO_FEMANRCS_1_2020__38.88179_-94.57056.npz
MO_WestCentral_1_2018__39.05668_-94.33478,MO_WestCentral_1_2018,39.056678194104,-94.334775902572,ok,65547,,/ocean/projects/bio260075p/sammlapp/eagle/cache/sites/cookies/da/MO_WestCentral_1_2018__39.05668_-94.33478.npz
MO_FEMANRCS_1_2020__39.04989_-94.29379,MO_FEMANRCS_1_2020,39.049886552425,-94.293786306367,ok,219336,,/ocean/projects/bio260075p/sammlapp/eagle/cache/sites/cookies/a9/MO_FEMANRCS_1_2020__39.04989_-94.29379.npz
MO_WestCentral_1_2018__39.04989_-94.29379,MO_WestCentral_1_2018,39.049886552425,-94.293786306367,ok,15566,,/ocean/projects/bio260075p/sammlapp/eagle/cache/sites/cookies/80/MO_WestCentral_1_2018__39.04989_-94.29379.npz
MO_FEMANRCS_1_2020__39.04414_-94.28682,MO_FEMANRCS_1_2020,39.044141707031,-94.28681603475,ok,170190,,/ocean/projects/bio260075p/sammlapp/eagle/cache/sites/cookies/88/MO_FEMANRCS_1_2020__39.04414_-94.28682.npz
MO_WestCentral_1_2018__39.04414_-94.28682,MO_WestCentral_1_2018,39.044141707031,-94.28681603475,empty,0,No points returned for this location.,/ocean/projects/bio260075p/sammlapp/eagle/cache/sites/cookies/a1/MO_WestCentral_1_2018__39.04414_-94.28682.npz
MO_FEMANRCS_1_2020__39.01277_-94.39526,MO_FEMANRCS_1_2020,39.012766411709,-94.395262269246,ok,282898,,/ocean/projects/bio260075p/sammlapp/eagle/cache/sites/cookies/c6/MO_FEMANRCS_1_2020__39.01277_-94.39526.npz
MO_FEMANRCS_1_2020__39.24996_-94.39487,MO_FEMANRCS_1_2020,39.249956541917,-94.394865311308,ok,150958,,/ocean/projects/bio260075p/sammlapp/eagle/cache/sites/cookies/6c/MO_FEMANRCS_1_2020__39.24996_-94.39487.npz
MO_WestCentral_1_2018__39.07115_-94.23677,MO_WestCentral_1_2018,39.0711457052,-94.236767179833,ok,167843,,/ocean/projects/bio260075p/sammlapp/eagle/cache/sites/cookies/e8/MO_WestCentral_1_2018__39.07115_-94.23677.npz
MT_Statewide_P3_1_B21__47.52185_-113.66709,MT_Statewide_P3_1_B21,47.521850585938,-113.66709136963,ok,264284,,/ocean/projects/bio260075p/sammlapp/eagle/cache/sites/cookies/f0/MT_Statewide_P3_1_B21__47.52185_-113.66709.npz
MT_Statewide_P3_1_B21__47.52074_-113.66778,MT_Statewide_P3_1_B21,47.520740509033,-113.66777801514,ok,346671,,/ocean/projects/bio260075p/sammlapp/eagle/cache/sites/cookies/8d/MT_Statewide_P3_1_B21__47.52074_-113.66778.npz
MT_Statewide_P3_1_B21__47.52554_-113.67292,MT_Statewide_P3_1_B21,47.525539398193,-113.67292022705,ok,435697,,/ocean/projects/bio260075p/sammlapp/eagle/cache/sites/cookies/b5/MT_Statewide_P3_1_B21__47.52554_-113.67292.npz
USGS_LPC_NV_Reno_Carson_QL1_2017_LAS_2018__39.51653_-119.84824,USGS_LPC_NV_Reno_Carson_QL1_2017_LAS_2018,39.516532897949,-119.84824371338,ok,413710,,/ocean/projects/bio260075p/sammlapp/eagle/cache/sites/cookies/bc/USGS_LPC_NV_Reno_Carson_QL1_2017_LAS_2018__39.51653_-119.84824.npz
USGS_LPC_NV_Reno_Carson_QL1_2017_LAS_2018__39.52146_-119.83169,USGS_LPC_NV_Reno_Carson_QL1_2017_LAS_2018,39.521464166492,-119.83168736457,ok,284513,,/ocean/projects/bio260075p/sammlapp/eagle/cache/sites/cookies/1f/USGS_LPC_NV_Reno_Carson_QL1_2017_LAS_2018__39.52146_-119.83169.npz
NV_WestCentralEarthMRI_2_2020__39.59018_-118.67442,NV_WestCentralEarthMRI_2_2020,39.590175628662,-118.67442321777,ok,93625,,/ocean/projects/bio260075p/sammlapp/eagle/cache/sites/cookies/41/NV_WestCentralEarthMRI_2_2020__39.59018_-118.67442.npz
NV_WestCentralEarthMRI_2_2020__39.59014_-118.67086,NV_WestCentralEarthMRI_2_2020,39.590141296387,-118.67086029053,ok,85392,,/ocean/projects/bio260075p/sammlapp/eagle/cache/sites/cookies/09/NV_WestCentralEarthMRI_2_2020__39.59014_-118.67086.npz
USGS_LPC_NV_Reno_Carson_QL1_2017_LAS_2018__39.39334_-119.83955,USGS_LPC_NV_Reno_Carson_QL1_2017_LAS_2018,39.393341064453,-119.83954620361,ok,403233,,/ocean/projects/bio260075p/sammlapp/eagle/cache/sites/cookies/3f/USGS_LPC_NV_Reno_Carson_QL1_2017_LAS_2018__39.39334_-119.83955.npz
USGS_LPC_NV_Reno_Carson_QL1_2017_LAS_2018__39.56033_-119.83494,USGS_LPC_NV_Reno_Carson_QL1_2017_LAS_2018,39.560329437256,-119.83493804932,ok,285822,,/ocean/projects/bio260075p/sammlapp/eagle/cache/sites/cookies/db/USGS_LPC_NV_Reno_Carson_QL1_2017_LAS_2018__39.56033_-119.83494.npz
USGS_LPC_NV_Reno_Carson_QL2_2017_LAS_2018__39.16146_-119.70792,USGS_LPC_NV_Reno_Carson_QL2_2017_LAS_2018,39.161464691162,-119.70791625977,ok,109975,,/ocean/projects/bio260075p/sammlapp/eagle/cache/sites/cookies/cf/USGS_LPC_NV_Reno_Carson_QL2_2017_LAS_2018__39.16146_-119.70792.npz
USGS_LPC_NV_Reno_Carson_QL1_2017_LAS_2018__39.30322_-119.83257,USGS_LPC_NV_Reno_Carson_QL1_2017_LAS_2018,39.303215026855,-119.83257293701,empty,0,No points returned for this location.,/ocean/projects/bio260075p/sammlapp/eagle/cache/sites/cookies/f8/USGS_LPC_NV_Reno_Carson_QL1_2017_LAS_2018__39.30322_-119.83257.npz
USGS_LPC_NV_Reno_Carson_QL1_2017_LAS_2018__39.57462_-119.79905,USGS_LPC_NV_Reno_Carson_QL1_2017_LAS_2018,39.574615478516,-119.79904937744,ok,298240,,/ocean/projects/bio260075p/sammlapp/eagle/cache/sites/cookies/6d/USGS_LPC_NV_Reno_Carson_QL1_2017_LAS_2018__39.57462_-119.79905.npz
USGS_LPC_NV_Reno_Carson_QL2_2017_LAS_2018__39.54744_-119.56653,USGS_LPC_NV_Reno_Carson_QL2_2017_LAS_2018,39.547439575195,-119.56652832031,ok,106794,,/ocean/projects/bio260075p/sammlapp/eagle/cache/sites/cookies/e1/USGS_LPC_NV_Reno_Carson_QL2_2017_LAS_2018__39.54744_-119.56653.npz
USGS_LPC_NV_Reno_Carson_QL1_2017_LAS_2018__39.30748_-119.83339,USGS_LPC_NV_Reno_Carson_QL1_2017_LAS_2018,39.307481,-119.833386,empty,0,No points returned for this location.,/ocean/projects/bio260075p/sammlapp/eagle/cache/sites/cookies/e9/USGS_LPC_NV_Reno_Carson_QL1_2017_LAS_2018__39.30748_-119.83339.npz
NV_WestCentralEarthMRI_3_2020__38.85033_-119.08555,NV_WestCentralEarthMRI_3_2020,38.850327,-119.085551,ok,311289,,/ocean/projects/bio260075p/sammlapp/eagle/cache/sites/cookies/8e/NV_WestCentralEarthMRI_3_2020__38.85033_-119.08555.npz
USGS_LPC_NV_Reno_Carson_QL1_2017_LAS_2018__39.66031_-119.84435,USGS_LPC_NV_Reno_Carson_QL1_2017_LAS_2018,39.660308,-119.844353,ok,92972,,/ocean/projects/bio260075p/sammlapp/eagle/cache/sites/cookies/13/USGS_LPC_NV_Reno_Carson_QL1_2017_LAS_2018__39.66031_-119.84435.npz
USGS_LPC_NV_Reno_Carson_QL1_2017_LAS_2018__39.46407_-119.79663,USGS_LPC_NV_Reno_Carson_QL1_2017_LAS_2018,39.464065551758,-119.79663085938,ok,286136,,/ocean/projects/bio260075p/sammlapp/eagle/cache/sites/cookies/57/USGS_LPC_NV_Reno_Carson_QL1_2017_LAS_2018__39.46407_-119.79663.npz
USGS_LPC_NV_Reno_Carson_QL1_2017_LAS_2018__39.48825_-119.89865,USGS_LPC_NV_Reno_Carson_QL1_2017_LAS_2018,39.488254547119,-119.89865112305,ok,297438,,/ocean/projects/bio260075p/sammlapp/eagle/cache/sites/cookies/35/USGS_LPC_NV_Reno_Carson_QL1_2017_LAS_2018__39.48825_-119.89865.npz
NM_SouthCentral_B7_2018__33.19830_-107.25434,NM_SouthCentral_B7_2018,33.19829615629,-107.2543448184,ok,153661,,/ocean/projects/bio260075p/sammlapp/eagle/cache/sites/cookies/70/NM_SouthCentral_B7_2018__33.19830_-107.25434.npz
NM_MRCOG_B1_2018__35.08187_-106.67158,NM_MRCOG_B1_2018,35.08186889284,-106.67157714714,ok,85087,,/ocean/projects/bio260075p/sammlapp/eagle/cache/sites/cookies/2b/NM_MRCOG_B1_2018__35.08187_-106.67158.npz
NM_MRCOG_B1_2018__35.21614_-106.47806,NM_MRCOG_B1_2018,35.21613549837,-106.47806239636,ok,180309,,/ocean/projects/bio260075p/sammlapp/eagle/cache/sites/cookies/52/NM_MRCOG_B1_2018__35.21614_-106.47806.npz
OH_Statewide_Phase1_3_2019__41.58330_-82.70000,OH_Statewide_Phase1_3_2019,41.5833,-82.7,ok,2365,,/ocean/projects/bio260075p/sammlapp/eagle/cache/sites/cookies/19/OH_Statewide_Phase1_3_2019__41.58330_-82.70000.npz
OH_Statewide_Phase1_5_2019__40.68674_-84.36514,OH_Statewide_Phase1_5_2019,40.686744,-84.365142,ok,915538,,/ocean/projects/bio260075p/sammlapp/eagle/cache/sites/cookies/e9/OH_Statewide_Phase1_5_2019__40.68674_-84.36514.npz
OH_Statewide_Phase1_1_2019__41.53400_-81.65100,OH_Statewide_Phase1_1_2019,41.534,-81.651,ok,119313,,/ocean/projects/bio260075p/sammlapp/eagle/cache/sites/cookies/1b/OH_Statewide_Phase1_1_2019__41.53400_-81.65100.npz
USGS_LPC_OH_LowerMaumee_B16_2016_LAS_2017__41.55940_-82.84970,USGS_LPC_OH_LowerMaumee_B16_2016_LAS_2017,41.5594,-82.8497,ok,111612,,/ocean/projects/bio260075p/sammlapp/eagle/cache/sites/cookies/6d/USGS_LPC_OH_LowerMaumee_B16_2016_LAS_2017__41.55940_-82.84970.npz
USGS_LPC_OH_Columbus_2019__40.11700_-82.96200,USGS_LPC_OH_Columbus_2019,40.117,-82.962,ok,892674,,/ocean/projects/bio260075p/sammlapp/eagle/cache/sites/cookies/f8/USGS_LPC_OH_Columbus_2019__40.11700_-82.96200.npz
USGS_LPC_OH_LowerMaumee_B16_2016_LAS_2017__41.61826_-83.79152,USGS_LPC_OH_LowerMaumee_B16_2016_LAS_2017,41.618257,-83.791515,ok,201795,,/ocean/projects/bio260075p/sammlapp/eagle/cache/sites/cookies/87/USGS_LPC_OH_LowerMaumee_B16_2016_LAS_2017__41.61826_-83.79152.npz
OH_Statewide_Phase1_7_2019__41.64250_-81.17500,OH_Statewide_Phase1_7_2019,41.6425,-81.175,ok,305700,,/ocean/projects/bio260075p/sammlapp/eagle/cache/sites/cookies/99/OH_Statewide_Phase1_7_2019__41.64250_-81.17500.npz
OH_Statewide_Phase1_7_2019__41.69765_-81.23497,OH_Statewide_Phase1_7_2019,41.69765,-81.23497,ok,421722,,/ocean/projects/bio260075p/sammlapp/eagle/cache/sites/cookies/39/OH_Statewide_Phase1_7_2019__41.69765_-81.23497.npz
USGS_LPC_OH_LowerMaumee_B16_2016_LAS_2017__41.67824_-83.66877,USGS_LPC_OH_LowerMaumee_B16_2016_LAS_2017,41.678237,-83.668773,ok,126740,,/ocean/projects/bio260075p/sammlapp/eagle/cache/sites/cookies/94/USGS_LPC_OH_LowerMaumee_B16_2016_LAS_2017__41.67824_-83.66877.npz
OH_Statewide_Phase1_7_2019__41.60539_-81.08543,OH_Statewide_Phase1_7_2019,41.60539,-81.08543,ok,377830,,/ocean/projects/bio260075p/sammlapp/eagle/cache/sites/cookies/e7/OH_Statewide_Phase1_7_2019__41.60539_-81.08543.npz
OH_Statewide_Phase1_1_2019__41.13920_-81.58154,OH_Statewide_Phase1_1_2019,41.1392,-81.58154,ok,413087,,/ocean/projects/bio260075p/sammlapp/eagle/cache/sites/cookies/c8/OH_Statewide_Phase1_1_2019__41.13920_-81.58154.npz
OH_Statewide_Phase1_7_2019__41.41237_-81.36436,OH_Statewide_Phase1_7_2019,41.412366,-81.364356,ok,566091,,/ocean/projects/bio260075p/sammlapp/eagle/cache/sites/cookies/c2/OH_Statewide_Phase1_7_2019__41.41237_-81.36436.npz
OH_Statewide_Phase1_1_2019__41.22107_-81.52750,OH_Statewide_Phase1_1_2019,41.221065,-81.527495,ok,401995,,/ocean/projects/bio260075p/sammlapp/eagle/cache/sites/cookies/79/OH_Statewide_Phase1_1_2019__41.22107_-81.52750.npz
OH_Statewide_Phase1_1_2019__41.19380_-81.57970,OH_Statewide_Phase1_1_2019,41.1938,-81.5797,ok,296771,,/ocean/projects/bio260075p/sammlapp/eagle/cache/sites/cookies/61/OH_Statewide_Phase1_1_2019__41.19380_-81.57970.npz
OH_Statewide_Phase1_5_2019__40.75645_-84.05353,OH_Statewide_Phase1_5_2019,40.756452,-84.05353,ok,193380,,/ocean/projects/bio260075p/sammlapp/eagle/cache/sites/cookies/41/OH_Statewide_Phase1_5_2019__40.75645_-84.05353.npz
OH_Statewide_Phase1_5_2019__40.72150_-84.04600,OH_Statewide_Phase1_5_2019,40.7215,-84.046,ok,595974,,/ocean/projects/bio260075p/sammlapp/eagle/cache/sites/cookies/85/OH_Statewide_Phase1_5_2019__40.72150_-84.04600.npz
OH_Statewide_Phase1_2_2019__40.75000_-84.32747,OH_Statewide_Phase1_2_2019,40.75,-84.32747,ok,494662,,/ocean/projects/bio260075p/sammlapp/eagle/cache/sites/cookies/6a/OH_Statewide_Phase1_2_2019__40.75000_-84.32747.npz
USGS_LPC_OH_Columbus_2019__40.10181_-82.89964,USGS_LPC_OH_Columbus_2019,40.101809,-82.899636,ok,1806277,,/ocean/projects/bio260075p/sammlapp/eagle/cache/sites/cookies/f5/USGS_LPC_OH_Columbus_2019__40.10181_-82.89964.npz
OH_Statewide_Phase1_7_2019__41.73148_-81.31853,OH_Statewide_Phase1_7_2019,41.73148,-81.31853,ok,490032,,/ocean/projects/bio260075p/sammlapp/eagle/cache/sites/cookies/45/OH_Statewide_Phase1_7_2019__41.73148_-81.31853.npz
USGS_LPC_OH_LowerMaumee_B16_2016_LAS_2017__41.55000_-83.85000,USGS_LPC_OH_LowerMaumee_B16_2016_LAS_2017,41.55,-83.85,ok,189117,,/ocean/projects/bio260075p/sammlapp/eagle/cache/sites/cookies/63/USGS_LPC_OH_LowerMaumee_B16_2016_LAS_2017__41.55000_-83.85000.npz
OH_Statewide_Phase1_1_2019__41.11500_-82.05800,OH_Statewide_Phase1_1_2019,41.115,-82.058,ok,309300,,/ocean/projects/bio260075p/sammlapp/eagle/cache/sites/cookies/e2/OH_Statewide_Phase1_1_2019__41.11500_-82.05800.npz
OH_Statewide_Phase1_7_2019__41.81389_-81.11944,OH_Statewide_Phase1_7_2019,41.81389,-81.11944,ok,258526,,/ocean/projects/bio260075p/sammlapp/eagle/cache/sites/cookies/ca/OH_Statewide_Phase1_7_2019__41.81389_-81.11944.npz
OH_Statewide_Phase1_7_2019__41.44260_-81.18110,OH_Statewide_Phase1_7_2019,41.4426,-81.1811,ok,421083,,/ocean/projects/bio260075p/sammlapp/eagle/cache/sites/cookies/33/OH_Statewide_Phase1_7_2019__41.44260_-81.18110.npz
USGS_LPC_OH_LowerMaumee_B16_2016_LAS_2017__41.31700_-83.42500,USGS_LPC_OH_LowerMaumee_B16_2016_LAS_2017,41.317,-83.425,ok,215274,,/ocean/projects/bio260075p/sammlapp/eagle/cache/sites/cookies/81/USGS_LPC_OH_LowerMaumee_B16_2016_LAS_2017__41.31700_-83.42500.npz
USGS_LPC_OH_LowerMaumee_B16_2016_LAS_2017__41.38700_-83.77200,USGS_LPC_OH_LowerMaumee_B16_2016_LAS_2017,41.387,-83.772,ok,64858,,/ocean/projects/bio260075p/sammlapp/eagle/cache/sites/cookies/a6/USGS_LPC_OH_LowerMaumee_B16_2016_LAS_2017__41.38700_-83.77200.npz
USGS_LPC_OH_LowerMaumee_B16_2016_LAS_2017__41.23700_-83.68400,USGS_LPC_OH_LowerMaumee_B16_2016_LAS_2017,41.237,-83.684,ok,134015,,/ocean/projects/bio260075p/sammlapp/eagle/cache/sites/cookies/f7/USGS_LPC_OH_LowerMaumee_B16_2016_LAS_2017__41.23700_-83.68400.npz
USGS_LPC_OH_LowerMaumee_B16_2016_LAS_2017__41.58100_-83.59400,USGS_LPC_OH_LowerMaumee_B16_2016_LAS_2017,41.581,-83.594,ok,90505,,/ocean/projects/bio260075p/sammlapp/eagle/cache/sites/cookies/68/USGS_LPC_OH_LowerMaumee_B16_2016_LAS_2017__41.58100_-83.59400.npz
USGS_LPC_OH_Columbus_2019__39.89903_-83.22853,USGS_LPC_OH_Columbus_2019,39.899031,-83.228535,ok,1759175,,/ocean/projects/bio260075p/sammlapp/eagle/cache/sites/cookies/72/USGS_LPC_OH_Columbus_2019__39.89903_-83.22853.npz
USGS_LPC_OH_LowerMaumee_B16_2016_LAS_2017__41.59070_-83.77900,USGS_LPC_OH_LowerMaumee_B16_2016_LAS_2017,41.5907,-83.779,ok,329722,,/ocean/projects/bio260075p/sammlapp/eagle/cache/sites/cookies/14/USGS_LPC_OH_LowerMaumee_B16_2016_LAS_2017__41.59070_-83.77900.npz
USGS_LPC_OH_LowerMaumee_B16_2016_LAS_2017__41.59120_-83.76500,USGS_LPC_OH_LowerMaumee_B16_2016_LAS_2017,41.5912,-83.765,ok,145905,,/ocean/projects/bio260075p/sammlapp/eagle/cache/sites/cookies/80/USGS_LPC_OH_LowerMaumee_B16_2016_LAS_2017__41.59120_-83.76500.npz
USGS_LPC_OH_LowerMaumee_B16_2016_LAS_2017__41.40200_-83.84600,USGS_LPC_OH_LowerMaumee_B16_2016_LAS_2017,41.402,-83.846,ok,167947,,/ocean/projects/bio260075p/sammlapp/eagle/cache/sites/cookies/7a/USGS_LPC_OH_LowerMaumee_B16_2016_LAS_2017__41.40200_-83.84600.npz
USGS_LPC_OH_LowerMaumee_B16_2016_LAS_2017__41.61802_-83.64417,USGS_LPC_OH_LowerMaumee_B16_2016_LAS_2017,41.618017,-83.644166,ok,114961,,/ocean/projects/bio260075p/sammlapp/eagle/cache/sites/cookies/97/USGS_LPC_OH_LowerMaumee_B16_2016_LAS_2017__41.61802_-83.64417.npz
OH_Statewide_Phase1_1_2019__41.40910_-81.88350,OH_Statewide_Phase1_1_2019,41.4091,-81.8835,ok,1202583,,/ocean/projects/bio260075p/sammlapp/eagle/cache/sites/cookies/ae/OH_Statewide_Phase1_1_2019__41.40910_-81.88350.npz
USGS_LPC_OH_LowerMaumee_B16_2016_LAS_2017__41.40577_-83.45695,USGS_LPC_OH_LowerMaumee_B16_2016_LAS_2017,41.40577,-83.456948,ok,90053,,/ocean/projects/bio260075p/sammlapp/eagle/cache/sites/cookies/8c/USGS_LPC_OH_LowerMaumee_B16_2016_LAS_2017__41.40577_-83.45695.npz
USGS_LPC_OH_LowerMaumee_B16_2016_LAS_2017__41.59070_-83.44040,USGS_LPC_OH_LowerMaumee_B16_2016_LAS_2017,41.5907,-83.4404,ok,155207,,/ocean/projects/bio260075p/sammlapp/eagle/cache/sites/cookies/a1/USGS_LPC_OH_LowerMaumee_B16_2016_LAS_2017__41.59070_-83.44040.npz
OH_Statewide_Phase1_1_2019__41.00500_-81.97780,OH_Statewide_Phase1_1_2019,41.005,-81.9778,ok,281707,,/ocean/projects/bio260075p/sammlapp/eagle/cache/sites/cookies/2e/OH_Statewide_Phase1_1_2019__41.00500_-81.97780.npz
OH_Statewide_Phase1_1_2019__41.37000_-81.61000,OH_Statewide_Phase1_1_2019,41.37,-81.61,ok,2124437,,/ocean/projects/bio260075p/sammlapp/eagle/cache/sites/cookies/04/OH_Statewide_Phase1_1_2019__41.37000_-81.61000.npz
USGS_LPC_OH_LowerMaumee_B16_2016_LAS_2017__41.53533_-83.84490,USGS_LPC_OH_LowerMaumee_B16_2016_LAS_2017,41.53533,-83.8449,ok,137964,,/ocean/projects/bio260075p/sammlapp/eagle/cache/sites/cookies/c7/USGS_LPC_OH_LowerMaumee_B16_2016_LAS_2017__41.53533_-83.84490.npz
OH_Statewide_Phase1_1_2019__41.56800_-81.42700,OH_Statewide_Phase1_1_2019,41.568,-81.427,ok,3045766,,/ocean/projects/bio260075p/sammlapp/eagle/cache/sites/cookies/e6/OH_Statewide_Phase1_1_2019__41.56800_-81.42700.npz
USGS_LPC_OH_Columbus_2019__39.94300_-82.81000,USGS_LPC_OH_Columbus_2019,39.943,-82.81,ok,1665402,,/ocean/projects/bio260075p/sammlapp/eagle/cache/sites/cookies/5a/USGS_LPC_OH_Columbus_2019__39.94300_-82.81000.npz
OH_Statewide_Phase1_1_2019__41.57027_-81.41390,OH_Statewide_Phase1_1_2019,41.57027,-81.4139,ok,1148944,,/ocean/projects/bio260075p/sammlapp/eagle/cache/sites/cookies/9a/OH_Statewide_Phase1_1_2019__41.57027_-81.41390.npz
OH_Statewide_Phase2_1_2020__39.59054_-82.60566,OH_Statewide_Phase2_1_2020,39.590543,-82.60566,empty,0,No points returned for this location.,/ocean/projects/bio260075p/sammlapp/eagle/cache/sites/cookies/31/OH_Statewide_Phase2_1_2020__39.59054_-82.60566.npz
OH_Statewide_Phase1_3_2019__41.60000_-82.70396,OH_Statewide_Phase1_3_2019,41.6,-82.70396,ok,514321,,/ocean/projects/bio260075p/sammlapp/eagle/cache/sites/cookies/4d/OH_Statewide_Phase1_3_2019__41.60000_-82.70396.npz
OH_Statewide_Phase1_2_2019__40.75000_-84.06700,OH_Statewide_Phase1_2_2019,40.75,-84.067,ok,859601,,/ocean/projects/bio260075p/sammlapp/eagle/cache/sites/cookies/4a/OH_Statewide_Phase1_2_2019__40.75000_-84.06700.npz
USGS_LPC_OH_Columbus_2019__40.15000_-83.01000,USGS_LPC_OH_Columbus_2019,40.15,-83.01,ok,1047683,,/ocean/projects/bio260075p/sammlapp/eagle/cache/sites/cookies/a9/USGS_LPC_OH_Columbus_2019__40.15000_-83.01000.npz
USGS_LPC_OH_Columbus_2019__40.07000_-82.88000,USGS_LPC_OH_Columbus_2019,40.07,-82.88,ok,1171170,,/ocean/projects/bio260075p/sammlapp/eagle/cache/sites/cookies/13/USGS_LPC_OH_Columbus_2019__40.07000_-82.88000.npz
USGS_LPC_OH_Columbus_2019__39.88797_-83.21300,USGS_LPC_OH_Columbus_2019,39.8879722,-83.213003,ok,1477090,,/ocean/projects/bio260075p/sammlapp/eagle/cache/sites/cookies/57/USGS_LPC_OH_Columbus_2019__39.88797_-83.21300.npz
OH_Statewide_Phase1_7_2019__41.25445_-81.16002,OH_Statewide_Phase1_7_2019,41.254448,-81.16002,ok,617257,,/ocean/projects/bio260075p/sammlapp/eagle/cache/sites/cookies/de/OH_Statewide_Phase1_7_2019__41.25445_-81.16002.npz
USGS_LPC_OH_LowerMaumee_B16_2016_LAS_2017__41.53300_-83.83330,USGS_LPC_OH_LowerMaumee_B16_2016_LAS_2017,41.533,-83.8333,ok,150668,,/ocean/projects/bio260075p/sammlapp/eagle/cache/sites/cookies/5d/USGS_LPC_OH_LowerMaumee_B16_2016_LAS_2017__41.53300_-83.83330.npz
OH_Statewide_Phase1_7_2019__41.61110_-81.33110,OH_Statewide_Phase1_7_2019,41.6111,-81.3311,ok,362646,,/ocean/projects/bio260075p/sammlapp/eagle/cache/sites/cookies/ef/OH_Statewide_Phase1_7_2019__41.61110_-81.33110.npz
OH_Statewide_Phase1_7_2019__41.68830_-81.18060,OH_Statewide_Phase1_7_2019,41.6883,-81.1806,ok,350008,,/ocean/projects/bio260075p/sammlapp/eagle/cache/sites/cookies/49/OH_Statewide_Phase1_7_2019__41.68830_-81.18060.npz
USGS_LPC_OH_LowerMaumee_B16_2016_LAS_2017__41.61670_-83.76670,USGS_LPC_OH_LowerMaumee_B16_2016_LAS_2017,41.6167,-83.7667,ok,251469,,/ocean/projects/bio260075p/sammlapp/eagle/cache/sites/cookies/19/USGS_LPC_OH_LowerMaumee_B16_2016_LAS_2017__41.61670_-83.76670.npz
OH_Statewide_Phase1_1_2019__41.11337_-81.73776,OH_Statewide_Phase1_1_2019,41.113369,-81.737761,ok,449304,,/ocean/projects/bio260075p/sammlapp/eagle/cache/sites/cookies/d2/OH_Statewide_Phase1_1_2019__41.11337_-81.73776.npz
OH_Statewide_Phase1_1_2019__41.45000_-81.72800,OH_Statewide_Phase1_1_2019,41.45,-81.728,ok,1919995,,/ocean/projects/bio260075p/sammlapp/eagle/cache/sites/cookies/55/OH_Statewide_Phase1_1_2019__41.45000_-81.72800.npz
USGS_LPC_OH_Columbus_2019__40.13000_-82.96983,USGS_LPC_OH_Columbus_2019,40.13,-82.96983,ok,1307318,,/ocean/projects/bio260075p/sammlapp/eagle/cache/sites/cookies/5e/USGS_LPC_OH_Columbus_2019__40.13000_-82.96983.npz
USGS_LPC_CA_LosAngeles_2016_LAS_2018__34.11197_-117.71064,USGS_LPC_CA_LosAngeles_2016_LAS_2018,34.11197295493,-117.7106408444,ok,196982,,/ocean/projects/bio260075p/sammlapp/eagle/cache/sites/cookies/fc/USGS_LPC_CA_LosAngeles_2016_LAS_2018__34.11197_-117.71064.npz
USGS_LPC_CA_SoCal_Wildfires_B1_2018_LAS_2019__34.11197_-117.71064,USGS_LPC_CA_SoCal_Wildfires_B1_2018_LAS_2019,34.11197295493,-117.7106408444,ok,197653,,/ocean/projects/bio260075p/sammlapp/eagle/cache/sites/cookies/1a/USGS_LPC_CA_SoCal_Wildfires_B1_2018_LAS_2019__34.11197_-117.71064.npz
USGS_LPC_CA_NoCAL_Wildfires_B5b_2018__38.38100_-122.03740,USGS_LPC_CA_NoCAL_Wildfires_B5b_2018,38.381,-122.0374,ok,130960,,/ocean/projects/bio260075p/sammlapp/eagle/cache/sites/cookies/4d/USGS_LPC_CA_NoCAL_Wildfires_B5b_2018__38.38100_-122.03740.npz
CA_SolanoCounty_1_A23__38.38100_-122.03740,CA_SolanoCounty_1_A23,38.381,-122.0374,ok,566097,,/ocean/projects/bio260075p/sammlapp/eagle/cache/sites/cookies/ca/CA_SolanoCounty_1_A23__38.38100_-122.03740.npz
USGS_LPC_CA_NoCAL_Wildfires_B5a_2018__38.56790_-121.42270,USGS_LPC_CA_NoCAL_Wildfires_B5a_2018,38.5679,-121.4227,ok,73643,,/ocean/projects/bio260075p/sammlapp/eagle/cache/sites/cookies/51/USGS_LPC_CA_NoCAL_Wildfires_B5a_2018__38.56790_-121.42270.npz
CA_UpperSouthAmerican_Eldorado_2019__38.56790_-121.42270,CA_UpperSouthAmerican_Eldorado_2019,38.5679,-121.4227,ok,2765,,/ocean/projects/bio260075p/sammlapp/eagle/cache/sites/cookies/53/CA_UpperSouthAmerican_Eldorado_2019__38.56790_-121.42270.npz
CA_UpperSouthAmerican_Eldorado_2019__38.62410_-121.27700,CA_UpperSouthAmerican_Eldorado_2019,38.6241,-121.277,ok,923119,,/ocean/projects/bio260075p/sammlapp/eagle/cache/sites/cookies/ca/CA_UpperSouthAmerican_Eldorado_2019__38.62410_-121.27700.npz
USGS_LPC_CA_NoCAL_Wildfires_B5b_2018__38.23750_-122.03860,USGS_LPC_CA_NoCAL_Wildfires_B5b_2018,38.2375,-122.0386,ok,118423,,/ocean/projects/bio260075p/sammlapp/eagle/cache/sites/cookies/38/USGS_LPC_CA_NoCAL_Wildfires_B5b_2018__38.23750_-122.03860.npz
CA_SolanoCounty_1_A23__38.23750_-122.03860,CA_SolanoCounty_1_A23,38.2375,-122.0386,ok,494126,,/ocean/projects/bio260075p/sammlapp/eagle/cache/sites/cookies/bf/CA_SolanoCounty_1_A23__38.23750_-122.03860.npz
USGS_LPC_CA_NoCAL_Wildfires_B5a_2018__38.58080_-121.57000,USGS_LPC_CA_NoCAL_Wildfires_B5a_2018,38.5808,-121.57,ok,92893,,/ocean/projects/bio260075p/sammlapp/eagle/cache/sites/cookies/4a/USGS_LPC_CA_NoCAL_Wildfires_B5a_2018__38.58080_-121.57000.npz
USGS_LPC_TN_Eastern_2_16_B16_Del2_2016_LAS_2017__35.59497_-83.84833,USGS_LPC_TN_Eastern_2_16_B16_Del2_2016_LAS_2017,35.594970703125,-83.848327636719,ok,467243,,/ocean/projects/bio260075p/sammlapp/eagle/cache/sites/cookies/50/USGS_LPC_TN_Eastern_2_16_B16_Del2_2016_LAS_2017__35.59497_-83.84833.npz
USGS_LPC_TN_Eastern_2_16_B16_Del2_2016_LAS_2017__35.60306_-83.78767,USGS_LPC_TN_Eastern_2_16_B16_Del2_2016_LAS_2017,35.603061676025,-83.787666320801,ok,204421,,/ocean/projects/bio260075p/sammlapp/eagle/cache/sites/cookies/68/USGS_LPC_TN_Eastern_2_16_B16_Del2_2016_LAS_2017__35.60306_-83.78767.npz
USGS_LPC_TN_27County_blk1_2015_LAS_2018__36.11849_-84.19866,USGS_LPC_TN_27County_blk1_2015_LAS_2018,36.11848514,-84.19866223,ok,243570,,/ocean/projects/bio260075p/sammlapp/eagle/cache/sites/cookies/67/USGS_LPC_TN_27County_blk1_2015_LAS_2018__36.11849_-84.19866.npz
USGS_LPC_TN_Eastern_2_16_B16_Del2_2016_LAS_2017__35.95442_-83.85496,USGS_LPC_TN_Eastern_2_16_B16_Del2_2016_LAS_2017,35.954420029912,-83.854963282759,ok,154593,,/ocean/projects/bio260075p/sammlapp/eagle/cache/sites/cookies/31/USGS_LPC_TN_Eastern_2_16_B16_Del2_2016_LAS_2017__35.95442_-83.85496.npz
USGS_LPC_TN_Eastern_2_16_B16_Del2_2016_LAS_2017__35.94909_-83.69569,USGS_LPC_TN_Eastern_2_16_B16_Del2_2016_LAS_2017,35.949085584139,-83.695687496241,ok,84251,,/ocean/projects/bio260075p/sammlapp/eagle/cache/sites/cookies/b2/USGS_LPC_TN_Eastern_2_16_B16_Del2_2016_LAS_2017__35.94909_-83.69569.npz
USGS_LPC_TN_ShelbyCo_2017_LAS_2019__35.35268_-90.05114,USGS_LPC_TN_ShelbyCo_2017_LAS_2019,35.352676323784,-90.051142398768,ok,353938,,/ocean/projects/bio260075p/sammlapp/eagle/cache/sites/cookies/6e/USGS_LPC_TN_ShelbyCo_2017_LAS_2019__35.35268_-90.05114.npz
USGS_LPC_TN_Eastern_2_16_B16_Del2_2016_LAS_2017__35.94177_-83.68839,USGS_LPC_TN_Eastern_2_16_B16_Del2_2016_LAS_2017,35.94176864624,-83.68839263916,ok,145923,,/ocean/projects/bio260075p/sammlapp/eagle/cache/sites/cookies/25/USGS_LPC_TN_Eastern_2_16_B16_Del2_2016_LAS_2017__35.94177_-83.68839.npz
USGS_LPC_TN_Eastern_2_16_B16_Del2_2016_LAS_2017__35.60305_-83.78766,USGS_LPC_TN_Eastern_2_16_B16_Del2_2016_LAS_2017,35.603054046631,-83.787658691406,ok,204428,,/ocean/projects/bio260075p/sammlapp/eagle/cache/sites/cookies/ff/USGS_LPC_TN_Eastern_2_16_B16_Del2_2016_LAS_2017__35.60305_-83.78766.npz
USGS_LPC_TN_Eastern_2_16_B16_Del2_2016_LAS_2017__35.95144_-83.69197,USGS_LPC_TN_Eastern_2_16_B16_Del2_2016_LAS_2017,35.951438903809,-83.691970825195,ok,143850,,/ocean/projects/bio260075p/sammlapp/eagle/cache/sites/cookies/c5/USGS_LPC_TN_Eastern_2_16_B16_Del2_2016_LAS_2017__35.95144_-83.69197.npz
