url,status,note
https://www.nps.gov/im/vmi-products.htm,200,
https://www.nps.gov/im/vmi-abli.htm,200,
https://www.nps.gov/im/vmi-acad.htm,200,
https://www.nps.gov/im/vmi-agfo.htm,200,
https://www.nps.gov/im/vmi-ALAG.htm,200,
https://www.nps.gov/im/vmi-LAMR-ALFL.htm,200,
https://www.nps.gov/im/vmi-alpo.htm,200,
https://www.nps.gov/im/vmi-amme.htm,200,
https://www.nps.gov/im/vmi-AMIS.htm,200,
https://www.nps.gov/im/vmi-ANIA.htm,200,
https://www.nps.gov/im/vmi-ANTI.htm,200,
https://www.nps.gov/im/vmi-APIS.htm,200,
https://www.nps.gov/im/vmi-appa.htm,200,
https://www.nps.gov/im/vmi-APCO.htm,200,
https://www.nps.gov/im/vmi-arch.htm,200,
https://www.nps.gov/im/vmi-ARPO.htm,200,
https://www.nps.gov/im/vmi-ASIS.htm,200,
https://www.nps.gov/im/vmi-AZRU.htm,200,
https://www.nps.gov/im/vmi-BADL.htm,200,
https://www.nps.gov/im/vmi-BAND.htm,200,
https://www.nps.gov/im/vmi-BEOL.htm,200,
https://www.nps.gov/im/vmi-ARCN.htm,200,
https://www.nps.gov/im/vmi-BIBE.htm,200,
https://www.nps.gov/im/vmi-BICY.htm,200,
https://www.nps.gov/im/vmi-BIHO.htm,200,
https://www.nps.gov/im/vmi-BISO.htm,200,
https://www.nps.gov/im/vmi-BITH.htm,200,
https://www.nps.gov/im/vmi-BICA.htm,200,
https://www.nps.gov/im/vmi-BISC.htm,200,
https://www.nps.gov/im/vmi-BLCA.htm,200,
https://www.nps.gov/im/vmi-BLRI.htm,404,HTTP Error 404: Not Found
https://www.nps.gov/im/vmi-BLUE.htm,200,
https://www.nps.gov/im/vmi-BOWA.htm,200,
https://www.nps.gov/im/vmi-BOHA.htm,200,
https://www.nps.gov/im/vmi-BRCA.htm,200,
https://www.nps.gov/im/vmi-BUIS.htm,200,
https://www.nps.gov/im/vmi-BUFF.htm,200,
https://www.nps.gov/im/vmi-CABR.htm,200,
https://www.nps.gov/im/vmi-CANA.htm,200,
https://www.nps.gov/im/vmi-CACH.htm,200,
https://www.nps.gov/im/vmi-CANY.htm,200,
https://www.nps.gov/im/vmi-CACO.htm,200,
https://www.nps.gov/im/vmi-CAHA.htm,200,
https://www.nps.gov/im/vmi-CALO.htm,200,
https://www.nps.gov/im/vmi-CARE.htm,200,
https://www.nps.gov/im/vmi-CAVO.htm,200,
https://www.nps.gov/im/vmi-CARL.htm,200,
https://www.nps.gov/im/vmi-CAVE.htm,200,
https://www.nps.gov/im/vmi-CAGR.htm,200,
https://www.nps.gov/im/vmi-CASA.htm,200,
https://www.nps.gov/im/vmi-CATO.htm,200,
https://www.nps.gov/im/vmi-CEBR.htm,200,
https://www.nps.gov/im/vmi-CHCU.htm,200,
https://www.nps.gov/im/vmi-CHIS.htm,200,
https://www.nps.gov/im/vmi-CHAT.htm,200,
https://www.nps.gov/im/vmi-CHOH.htm,200,
https://www.nps.gov/im/vmi-CHCH.htm,200,
https://www.nps.gov/im/vmi-CHIC.htm,200,
https://www.nps.gov/im/vmi-CHIR.htm,200,
https://www.nps.gov/im/vmi-CIRO.htm,200,
https://www.nps.gov/im/vmi-COLO.htm,200,
https://www.nps.gov/im/vmi-COLM.htm,200,
https://www.nps.gov/im/vmi-CONG.htm,200,
https://www.nps.gov/im/vmi-CORO.htm,200,
https://www.nps.gov/im/vmi-COWP.htm,200,
https://www.nps.gov/im/vmi-CRLA.htm,200,
https://www.nps.gov/im/vmi-CRMO.htm,200,
https://www.nps.gov/im/vmi-CUGA.htm,200,
https://www.nps.gov/im/vmi-CUIS.htm,200,
https://www.nps.gov/im/vmi-CURE.htm,200,
https://www.nps.gov/im/vmi-CUVA.htm,200,
https://www.nps.gov/im/vmi-DESO.htm,200,
https://www.nps.gov/im/vmi-DEVA.htm,200,
https://www.nps.gov/im/vmi-DEWA.htm,200,
https://www.nps.gov/im/vmi-DENA.htm,200,
https://www.nps.gov/im/vmi-YOSE-DEPO.htm,200,
https://www.nps.gov/im/vmi-DETO.htm,200,
https://www.nps.gov/im/vmi-DINO.htm,200,
https://www.nps.gov/im/vmi-DRTO.htm,200,
https://www.nps.gov/im/vmi-EBLA.htm,200,
https://www.nps.gov/im/vmi-EFMO.htm,200,
https://www.nps.gov/im/vmi-GETT-EISE.htm,200,
https://www.nps.gov/im/vmi-ELMA.htm,200,
https://www.nps.gov/im/vmi-ELMO.htm,200,
https://www.nps.gov/im/vmi-EVER.htm,200,
https://www.nps.gov/im/vmi-FOCA.htm,200,
https://www.nps.gov/im/vmi-FOMA.htm,200,
https://www.nps.gov/im/vmi-FONE.htm,200,
https://www.nps.gov/im/vmi-PORE-GOGA.htm,200,
https://www.nps.gov/im/vmi-FRHI.htm,200,
https://www.nps.gov/im/vmi-GAAR.htm,404,HTTP Error 404: Not Found
https://www.nps.gov/im/vmi-GWMP.htm,200,
https://www.nps.gov/im/vmi-GICL.htm,200,
https://www.nps.gov/im/vmi-GLBA.htm,200,
https://www.nps.gov/im/vmi-GLCA-RABR.htm,200,
https://www.nps.gov/im/vmi-GUMO.htm,200,
https://www.nps.gov/im/vmi-GUIS.htm,200,
https://www.nps.gov/im/vmi-HAFE.htm,200,
https://www.nps.gov/im/vmi-HAVO.htm,200,
https://www.nps.gov/im/vmi-HOBE.htm,200,
https://www.nps.gov/im/vmi-KAHO.htm,200,
https://www.nps.gov/im/vmi-KATM.htm,200,
https://www.nps.gov/im/vmi-KEFJ.htm,200,
https://www.nps.gov/im/vmi-KIMO.htm,200,
https://www.nps.gov/im/vmi-KLGO.htm,200,
https://www.nps.gov/im/vmi-KNRI.htm,200,
https://www.nps.gov/im/vmi-LACL.htm,200,
https://www.nps.gov/im/vmi-LAKE.htm,200,
https://www.nps.gov/im/vmi-LAVO.htm,200,
https://www.nps.gov/im/vmi-LIBI.htm,200,
https://www.nps.gov/im/vmi-MANA.htm,200,
https://www.nps.gov/im/vmi-MNRR.htm,200,
https://www.nps.gov/im/vmi-MOJA.htm,200,
https://www.nps.gov/im/vmi-MONO.htm,200,
https://www.nps.gov/im/vmi-MOCA.htm,200,
https://www.nps.gov/im/vmi-MORA.htm,200,
https://www.nps.gov/im/vmi-MORU.htm,200,
https://www.nps.gov/im/vmi-NATR.htm,200,
https://www.nps.gov/im/vmi-NACE.htm,200,
https://www.nps.gov/im/vmi-NIOB.htm,200,
https://www.nps.gov/im/vmi-NOCA.htm,200,
https://www.nps.gov/im/vmi-OBED.htm,200,
https://www.nps.gov/im/vmi-OCMU.htm,200,
https://www.nps.gov/im/vmi-OLYM.htm,200,
https://www.nps.gov/im/vmi-ORPI.htm,200,
https://www.nps.gov/im/vmi-PAIS.htm,200,
https://www.nps.gov/im/vmi-PRWI.htm,200,
https://www.nps.gov/im/vmi-RIGR.htm,200,
https://www.nps.gov/im/vmi-SAGU.htm,200,
https://www.nps.gov/im/vmi-SAMO.htm,200,
https://www.nps.gov/im/vmi-SHIL.htm,200,
https://www.nps.gov/im/vmi-SITK.htm,200,
https://www.nps.gov/im/vmi-STRI.htm,200,
https://www.nps.gov/im/vmi-TIMU.htm,200,
https://www.nps.gov/im/vmi-VIIS.htm,200,
https://www.nps.gov/im/vmi-WAPA.htm,200,
https://www.nps.gov/im/vmi-WHSA.htm,200,
https://www.nps.gov/im/vmi-WOTR.htm,200,
https://www.nps.gov/im/vmi-WRST.htm,200,
https://www.nps.gov/im/vmi-WUPA.htm,200,
https://www.nps.gov/im/vmi-YELL.htm,200,
https://www.nps.gov/im/vmi-YUCH.htm,200,
https://irmaservices.nps.gov/datastore/v8/rest/Profile/2191569,200,
https://irmaservices.nps.gov/datastore/v8/rest/Profile/2314392,200,
https://irmaservices.nps.gov/datastore/v8/rest/Profile/1047691,200,
https://irmaservices.nps.gov/datastore/v8/rest/Profile/2314393,200,
https://irmaservices.nps.gov/datastore/v8/rest/Profile/1047694,200,
https://irmaservices.nps.gov/datastore/v8/rest/Profile/2314394,200,
https://irmaservices.nps.gov/datastore/v8/rest/Profile/2177112,200,
https://irmaservices.nps.gov/datastore/v8/rest/Profile/2314397,200,
https://irmaservices.nps.gov/datastore/v8/rest/Profile/2165615,200,
https://irmaservices.nps.gov/datastore/v8/rest/Profile/2314608,200,
https://irmaservices.nps.gov/datastore/v8/rest/Profile/1047695,200,
https://irmaservices.nps.gov/datastore/v8/rest/Profile/2314398,200,
https://irmaservices.nps.gov/datastore/v8/rest/Profile/2177205,200,
https://irmaservices.nps.gov/datastore/v8/rest/Profile/2314400,200,
https://irmaservices.nps.gov/datastore/v8/rest/Profile/2177114,200,
https://irmaservices.nps.gov/datastore/v8/rest/Profile/2314399,200,
https://irmaservices.nps.gov/datastore/v8/rest/Profile/2170665,200,
https://irmaservices.nps.gov/datastore/v8/rest/Profile/2314402,200,
https://irmaservices.nps.gov/datastore/v8/rest/Profile/2287477,200,
https://irmaservices.nps.gov/datastore/v8/rest/Profile/2165618,200,
https://irmaservices.nps.gov/datastore/v8/rest/Profile/2314426,200,
https://irmaservices.nps.gov/datastore/v8/rest/Profile/2177176,200,
https://irmaservices.nps.gov/datastore/v8/rest/Profile/2314433,200,
https://irmaservices.nps.gov/datastore/v8/rest/Profile/1048518,200,
https://irmaservices.nps.gov/datastore/v8/rest/Profile/2314403,200,
https://irmaservices.nps.gov/datastore/v8/rest/Profile/1048519,200,
https://irmaservices.nps.gov/datastore/v8/rest/Profile/2314435,200,
https://irmaservices.nps.gov/datastore/v8/rest/Profile/2177150,200,
https://irmaservices.nps.gov/datastore/v8/rest/Profile/2314437,200,
https://irmaservices.nps.gov/datastore/v8/rest/Profile/2177174,200,
https://irmaservices.nps.gov/datastore/v8/rest/Profile/2314461,200,
https://irmaservices.nps.gov/datastore/v8/rest/Profile/1048520,200,
https://irmaservices.nps.gov/datastore/v8/rest/Profile/2314464,200,
https://irmaservices.nps.gov/datastore/v8/rest/Profile/1047696,200,
https://irmaservices.nps.gov/datastore/v8/rest/Profile/2314465,200,
https://irmaservices.nps.gov/datastore/v8/rest/Profile/2190733,200,
https://irmaservices.nps.gov/datastore/v8/rest/Profile/2314466,200,
https://irmaservices.nps.gov/datastore/v8/rest/Profile/2165619,200,
https://irmaservices.nps.gov/datastore/v8/rest/Profile/2314467,200,
https://irmaservices.nps.gov/datastore/v8/rest/Profile/2170680,200,
https://irmaservices.nps.gov/datastore/v8/rest/Profile/2314551,200,
https://irmaservices.nps.gov/datastore/v8/rest/Profile/2177115,200,
https://irmaservices.nps.gov/datastore/v8/rest/Profile/2314468,200,
https://irmaservices.nps.gov/datastore/v8/rest/Profile/2177234,200,
https://irmaservices.nps.gov/datastore/v8/rest/Profile/2177218,200,
https://irmaservices.nps.gov/datastore/v8/rest/Profile/2314751,200,
https://irmaservices.nps.gov/datastore/v8/rest/Profile/2177225,200,
https://irmaservices.nps.gov/datastore/v8/rest/Profile/2177228,200,
https://irmaservices.nps.gov/datastore/v8/rest/Profile/2314478,200,
https://irmaservices.nps.gov/datastore/v8/rest/Profile/2177120,200,
https://irmaservices.nps.gov/datastore/v8/rest/Profile/2314477,200,
https://irmaservices.nps.gov/datastore/v8/rest/Profile/2177235,200,
https://irmaservices.nps.gov/datastore/v8/rest/Profile/2165620,200,
https://irmaservices.nps.gov/datastore/v8/rest/Profile/2314480,200,
https://irmaservices.nps.gov/datastore/v8/rest/Profile/1048521,200,
https://irmaservices.nps.gov/datastore/v8/rest/Profile/2314481,200,
https://irmaservices.nps.gov/datastore/v8/rest/Profile/1047697,200,
https://irmaservices.nps.gov/datastore/v8/rest/Profile/2314483,200,
https://irmaservices.nps.gov/datastore/v8/rest/Profile/2177177,200,
https://irmaservices.nps.gov/datastore/v8/rest/Profile/2314482,200,
https://irmaservices.nps.gov/datastore/v8/rest/Profile/2170570,200,
https://irmaservices.nps.gov/datastore/v8/rest/Profile/2314485,200,
https://irmaservices.nps.gov/datastore/v8/rest/Profile/2165715,200,
https://irmaservices.nps.gov/datastore/v8/rest/Profile/2190595,200,
https://irmaservices.nps.gov/datastore/v8/rest/Profile/2314486,200,
https://irmaservices.nps.gov/datastore/v8/rest/Profile/2309339,200,
https://irmaservices.nps.gov/datastore/v8/rest/Profile/2177242,200,
https://irmaservices.nps.gov/datastore/v8/rest/Profile/2314492,200,
https://irmaservices.nps.gov/datastore/v8/rest/Profile/2173091,200,
https://irmaservices.nps.gov/datastore/v8/rest/Profile/2314487,200,
https://irmaservices.nps.gov/datastore/v8/rest/Profile/2177122,200,
https://irmaservices.nps.gov/datastore/v8/rest/Profile/2314493,200,
https://irmaservices.nps.gov/datastore/v8/rest/Profile/2170135,200,
https://irmaservices.nps.gov/datastore/v8/rest/Profile/2314488,200,
https://irmaservices.nps.gov/datastore/v8/rest/Profile/2177240,200,
https://irmaservices.nps.gov/datastore/v8/rest/Profile/2314490,200,
https://irmaservices.nps.gov/datastore/v8/rest/Profile/2177241,200,
https://irmaservices.nps.gov/datastore/v8/rest/Profile/2314491,200,
https://irmaservices.nps.gov/datastore/v8/rest/Profile/1048522,200,
https://irmaservices.nps.gov/datastore/v8/rest/Profile/2314495,200,
https://irmaservices.nps.gov/datastore/v8/rest/Profile/2190357,200,
https://irmaservices.nps.gov/datastore/v8/rest/Profile/2314499,200,
https://irmaservices.nps.gov/datastore/v8/rest/Profile/2170836,200,
https://irmaservices.nps.gov/datastore/v8/rest/Profile/2314496,200,
https://irmaservices.nps.gov/datastore/v8/rest/Profile/2165621,200,
https://irmaservices.nps.gov/datastore/v8/rest/Profile/2314498,200,
https://irmaservices.nps.gov/datastore/v8/rest/Profile/2177127,200,
https://irmaservices.nps.gov/datastore/v8/rest/Profile/2314489,200,
https://irmaservices.nps.gov/datastore/v8/rest/Profile/2177243,200,
https://irmaservices.nps.gov/datastore/v8/rest/Profile/2314497,200,
https://irmaservices.nps.gov/datastore/v8/rest/Profile/2177123,200,
https://irmaservices.nps.gov/datastore/v8/rest/Profile/2314507,200,
https://irmaservices.nps.gov/datastore/v8/rest/Profile/2190743,200,
https://irmaservices.nps.gov/datastore/v8/rest/Profile/2314504,200,
https://irmaservices.nps.gov/datastore/v8/rest/Profile/2177189,200,
https://irmaservices.nps.gov/datastore/v8/rest/Profile/2177244,200,
https://irmaservices.nps.gov/datastore/v8/rest/Profile/2314502,200,
https://irmaservices.nps.gov/datastore/v8/rest/Profile/2191606,200,
https://irmaservices.nps.gov/datastore/v8/rest/Profile/2314503,200,
https://irmaservices.nps.gov/datastore/v8/rest/Profile/2173094,200,
https://irmaservices.nps.gov/datastore/v8/rest/Profile/2314505,200,
https://irmaservices.nps.gov/datastore/v8/rest/Profile/2177128,200,
https://irmaservices.nps.gov/datastore/v8/rest/Profile/2188918,200,
https://irmaservices.nps.gov/datastore/v8/rest/Profile/2314752,200,
https://irmaservices.nps.gov/datastore/v8/rest/Profile/1047699,200,
https://irmaservices.nps.gov/datastore/v8/rest/Profile/2314511,200,
https://irmaservices.nps.gov/datastore/v8/rest/Profile/1047698,200,
https://irmaservices.nps.gov/datastore/v8/rest/Profile/2314510,200,
https://irmaservices.nps.gov/datastore/v8/rest/Profile/1047700,200,
https://irmaservices.nps.gov/datastore/v8/rest/Profile/2314512,200,
https://irmaservices.nps.gov/datastore/v8/rest/Profile/2177129,200,
https://irmaservices.nps.gov/datastore/v8/rest/Profile/2314513,200,
https://irmaservices.nps.gov/datastore/v8/rest/Profile/2172843,200,
https://irmaservices.nps.gov/datastore/v8/rest/Profile/2314514,200,
https://irmaservices.nps.gov/datastore/v8/rest/Profile/2177183,200,
https://irmaservices.nps.gov/datastore/v8/rest/Profile/2314516,200,
https://irmaservices.nps.gov/datastore/v8/rest/Profile/2170231,200,
https://irmaservices.nps.gov/datastore/v8/rest/Profile/2194429,200,
https://irmaservices.nps.gov/datastore/v8/rest/Profile/2314517,200,
https://irmaservices.nps.gov/datastore/v8/rest/Profile/2177245,200,
https://irmaservices.nps.gov/datastore/v8/rest/Profile/2314518,200,
https://irmaservices.nps.gov/datastore/v8/rest/Profile/2169110,200,
https://irmaservices.nps.gov/datastore/v8/rest/Profile/2314519,200,
https://irmaservices.nps.gov/datastore/v8/rest/Profile/2177152,200,
https://irmaservices.nps.gov/datastore/v8/rest/Profile/2314520,200,
https://irmaservices.nps.gov/datastore/v8/rest/Profile/1049313,200,
https://irmaservices.nps.gov/datastore/v8/rest/Profile/2177191,200,
https://irmaservices.nps.gov/datastore/v8/rest/Profile/1047702,200,
https://irmaservices.nps.gov/datastore/v8/rest/Profile/2314525,200,
https://irmaservices.nps.gov/datastore/v8/rest/Profile/2170664,200,
https://irmaservices.nps.gov/datastore/v8/rest/Profile/2314521,200,
https://irmaservices.nps.gov/datastore/v8/rest/Profile/2170174,500,HTTP Error 500: Internal Server Error
https://irmaservices.nps.gov/datastore/v8/rest/Profile/1047701,200,
https://irmaservices.nps.gov/datastore/v8/rest/Profile/2314524,200,
https://irmaservices.nps.gov/datastore/v8/rest/Profile/1047703,200,
https://irmaservices.nps.gov/datastore/v8/rest/Profile/2314526,200,
https://irmaservices.nps.gov/datastore/v8/rest/Profile/2177236,200,
https://irmaservices.nps.gov/datastore/v8/rest/Profile/2177198,200,
https://irmaservices.nps.gov/datastore/v8/rest/Profile/2314528,200,
https://irmaservices.nps.gov/datastore/v8/rest/Profile/1047704,200,
https://irmaservices.nps.gov/datastore/v8/rest/Profile/2314529,200,
https://irmaservices.nps.gov/datastore/v8/rest/Profile/1048532,200,
https://irmaservices.nps.gov/datastore/v8/rest/Profile/2314554,200,
https://irmaservices.nps.gov/datastore/v8/rest/Profile/2177137,200,
https://irmaservices.nps.gov/datastore/v8/rest/Profile/2314531,200,
https://irmaservices.nps.gov/datastore/v8/rest/Profile/2165622,200,
https://irmaservices.nps.gov/datastore/v8/rest/Profile/2314532,200,
https://irmaservices.nps.gov/datastore/v8/rest/Profile/2177237,200,
https://irmaservices.nps.gov/datastore/v8/rest/Profile/2177246,200,
https://irmaservices.nps.gov/datastore/v8/rest/Profile/2314538,200,
https://irmaservices.nps.gov/datastore/v8/rest/Profile/2177248,200,
https://irmaservices.nps.gov/datastore/v8/rest/Profile/2314544,200,
https://irmaservices.nps.gov/datastore/v8/rest/Profile/1047709,200,
https://irmaservices.nps.gov/datastore/v8/rest/Profile/2165650,200,
https://irmaservices.nps.gov/datastore/v8/rest/Profile/2314741,200,
https://irmaservices.nps.gov/datastore/v8/rest/Profile/1047710,200,
https://irmaservices.nps.gov/datastore/v8/rest/Profile/2314549,200,
https://irmaservices.nps.gov/datastore/v8/rest/Profile/2177131,200,
https://irmaservices.nps.gov/datastore/v8/rest/Profile/2314556,200,
https://irmaservices.nps.gov/datastore/v8/rest/Profile/2170666,200,
https://irmaservices.nps.gov/datastore/v8/rest/Profile/2177138,200,
https://irmaservices.nps.gov/datastore/v8/rest/Profile/2314559,200,
https://irmaservices.nps.gov/datastore/v8/rest/Profile/2177117,200,
https://irmaservices.nps.gov/datastore/v8/rest/Profile/2314574,200,
https://irmaservices.nps.gov/datastore/v8/rest/Profile/2177229,200,
https://irmaservices.nps.gov/datastore/v8/rest/Profile/2314573,200,
https://irmaservices.nps.gov/datastore/v8/rest/Profile/2230298,200,
https://irmaservices.nps.gov/datastore/v8/rest/Profile/2314581,200,
https://irmaservices.nps.gov/datastore/v8/rest/Profile/2177251,200,
https://irmaservices.nps.gov/datastore/v8/rest/Profile/2314583,200,
https://irmaservices.nps.gov/datastore/v8/rest/Profile/2177208,200,
https://irmaservices.nps.gov/datastore/v8/rest/Profile/2314599,200,
https://irmaservices.nps.gov/datastore/v8/rest/Profile/2170667,200,
https://irmaservices.nps.gov/datastore/v8/rest/Profile/2170669,200,
https://irmaservices.nps.gov/datastore/v8/rest/Profile/2314601,200,
https://irmaservices.nps.gov/datastore/v8/rest/Profile/2169111,200,
https://irmaservices.nps.gov/datastore/v8/rest/Profile/2314603,200,
https://irmaservices.nps.gov/datastore/v8/rest/Profile/2177110,200,
https://irmaservices.nps.gov/datastore/v8/rest/Profile/2314604,200,
https://irmaservices.nps.gov/datastore/v8/rest/Profile/1048525,200,
https://irmaservices.nps.gov/datastore/v8/rest/Profile/2170668,200,
https://irmaservices.nps.gov/datastore/v8/rest/Profile/2177194,200,
https://irmaservices.nps.gov/datastore/v8/rest/Profile/2314607,200,
https://irmaservices.nps.gov/datastore/v8/rest/Profile/2177185,500,HTTP Error 500: Internal Server Error
https://irmaservices.nps.gov/datastore/v8/rest/Profile/2177126,200,
https://irmaservices.nps.gov/datastore/v8/rest/Profile/2177161,200,
https://irmaservices.nps.gov/datastore/v8/rest/Profile/2314620,200,
https://irmaservices.nps.gov/datastore/v8/rest/Profile/2177196,200,
https://irmaservices.nps.gov/datastore/v8/rest/Profile/2177132,200,
https://irmaservices.nps.gov/datastore/v8/rest/Profile/2314621,200,
https://irmaservices.nps.gov/datastore/v8/rest/Profile/2177201,200,
https://irmaservices.nps.gov/datastore/v8/rest/Profile/2314623,200,
https://irmaservices.nps.gov/datastore/v8/rest/Profile/1047722,200,
https://irmaservices.nps.gov/datastore/v8/rest/Profile/2314625,200,
https://irmaservices.nps.gov/datastore/v8/rest/Profile/2177231,200,
https://irmaservices.nps.gov/datastore/v8/rest/Profile/2314626,200,
https://irmaservices.nps.gov/datastore/v8/rest/Profile/2177162,200,
https://irmaservices.nps.gov/datastore/v8/rest/Profile/2314631,200,
https://irmaservices.nps.gov/datastore/v8/rest/Profile/2177202,200,
https://irmaservices.nps.gov/datastore/v8/rest/Profile/2314633,200,
https://irmaservices.nps.gov/datastore/v8/rest/Profile/2177227,200,
https://irmaservices.nps.gov/datastore/v8/rest/Profile/2177254,200,
https://irmaservices.nps.gov/datastore/v8/rest/Profile/2314635,200,
https://irmaservices.nps.gov/datastore/v8/rest/Profile/2177203,200,
https://irmaservices.nps.gov/datastore/v8/rest/Profile/2314636,200,
https://irmaservices.nps.gov/datastore/v8/rest/Profile/2177133,200,
https://irmaservices.nps.gov/datastore/v8/rest/Profile/2240788,200,
https://irmaservices.nps.gov/datastore/v8/rest/Profile/2314755,200,
https://irmaservices.nps.gov/datastore/v8/rest/Profile/2177118,200,
https://irmaservices.nps.gov/datastore/v8/rest/Profile/2314657,200,
https://irmaservices.nps.gov/datastore/v8/rest/Profile/2177134,200,
https://irmaservices.nps.gov/datastore/v8/rest/Profile/2314664,200,
https://irmaservices.nps.gov/datastore/v8/rest/Profile/2177190,500,HTTP Error 500: Internal Server Error
https://irmaservices.nps.gov/datastore/v8/rest/Profile/2192583,200,
https://irmaservices.nps.gov/datastore/v8/rest/Profile/2314674,200,
https://irmaservices.nps.gov/datastore/v8/rest/Profile/2177111,200,
https://irmaservices.nps.gov/datastore/v8/rest/Profile/2314676,200,
https://irmaservices.nps.gov/datastore/v8/rest/Profile/2173187,200,
https://irmaservices.nps.gov/datastore/v8/rest/Profile/2314678,200,
https://irmaservices.nps.gov/datastore/v8/rest/Profile/2177255,200,
https://irmaservices.nps.gov/datastore/v8/rest/Profile/2314685,200,
https://irmaservices.nps.gov/datastore/v8/rest/Profile/2177239,200,
https://irmaservices.nps.gov/datastore/v8/rest/Profile/2229869,200,
https://irmaservices.nps.gov/datastore/v8/rest/Profile/2314697,200,
https://irmaservices.nps.gov/datastore/v8/rest/Profile/2177119,200,
https://irmaservices.nps.gov/datastore/v8/rest/Profile/2314701,200,
https://irmaservices.nps.gov/datastore/v8/rest/Profile/2170670,200,
https://irmaservices.nps.gov/datastore/v8/rest/Profile/2314704,200,
https://irmaservices.nps.gov/datastore/v8/rest/Profile/1047739,200,
https://irmaservices.nps.gov/datastore/v8/rest/Profile/2314705,200,
https://irmaservices.nps.gov/datastore/v8/rest/Profile/2170671,200,
https://irmaservices.nps.gov/datastore/v8/rest/Profile/2314706,200,
