package,family,kind,note
ABLI_2314392,plots_v3_aa,AA,71 AA points from tAA/tAAEvents added (no species lists for these)
AGFO_2314394,plots_v3_aa,AA,301 AA points from tAA/tAAEvents added (no species lists for these)
ALFL_2314608,plots_v3_aa,AA,283 AA points from tAA/tAAEvents added (no species lists for these)
ALPO_2314398,plots_v3_aa,AA,134 AA points from tAA/tAAEvents added (no species lists for these)
AMME_2314400,plots_v3_aa,AA,48 AA points from tAA/tAAEvents added (no species lists for these)
APCO_2314403,plots_v3_aa,AA,74 AA points from tAA/tAAEvents added (no species lists for these)
APPA_2314433,plots_v3_aa,AA,"tAAEvents not ingested; unexpected columns ['a1cover', 'a1hgt', 'a2cover', 'a2hgt', 'aaanalysisnote', 'allcover', 'bare', 'bedrock']"
ARPO_2314437,plots_v3_aa,AA,68 AA points from tAA/tAAEvents added (no species lists for these)
BADL_2314465,plots_v3_aa,AA,468 AA points from tAA/tAAEvents added (no species lists for these)
BAND_2314466,plots_v3_aa,AA,211 AA points from tAA/tAAEvents added (no species lists for these)
BEOL_2314467,plots_v3_aa,AA,219 AA points from tAA/tAAEvents added (no species lists for these)
BICA_2314477,plots_v3_aa,AA,869 AA points from tAA/tAAEvents added (no species lists for these)
BLUE_2314481,plots_v3_aa,AA,310 AA points from tAA/tAAEvents added (no species lists for these)
CACO_2314488,plots_v3_aa,AA,492 AA points from tAA/tAAEvents added (no species lists for these)
CAHA_2314490,plots_v3_aa,AA,440 AA points from tAA/tAAEvents added (no species lists for these)
CALO_2314491,plots_v3_aa,AA,258 AA points from tAA/tAAEvents added (no species lists for these)
CARL_2314496,plots_v3_aa,AA,85 AA points from tAA/tAAEvents added (no species lists for these)
CAVE_2314498,plots_v3_aa,AA,342 AA points from tAA/tAAEvents added (no species lists for these)
CAVO_2314499,plots_v3_aa,AA,109 AA points from tAA/tAAEvents added (no species lists for these)
CHAT_2314502,plots_v3_aa,AA,409 AA points from tAA/tAAEvents added (no species lists for these)
CHCH_2314503,plots_v3_aa,AA,513 AA points from tAA/tAAEvents added (no species lists for these)
CHIC_2314505,plots_v3_aa,AA,274 AA points from tAA/tAAEvents added (no species lists for these)
COLO_2314511,plots_v3_aa,AA,183 AA points from tAA/tAAEvents added (no species lists for these)
CONG_2314512,plots_v3_aa,AA,596 AA points from tAA/tAAEvents added (no species lists for these)
COWP_2314514,plots_v3_aa,AA,151 AA points from tAA/tAAEvents added (no species lists for these)
CRLA_2314516,plots_v3_aa,AA,1501 AA points from tAA/tAAEvents added (no species lists for these)
CUGA_2314517,plots_v3_aa,AA,611 AA points from tAA/tAAEvents added (no species lists for these)
CUIS_2314518,plots_v3_aa,AA,704 AA points from tAA/tAAEvents added (no species lists for these)
CUVA_2314520,plots_v3_aa,AA,647 AA points from tAA/tAAEvents added (no species lists for these)
DETO_2314524,plots_v3_aa,AA,108 AA points from tAA/tAAEvents added (no species lists for these)
DEWA_2314525,plots_v3_aa,AA,1130 AA points from tAA/tAAEvents added (no species lists for these)
EFMO_2314529,plots_v3_aa,AA,369 AA points from tAA/tAAEvents added (no species lists for these)
ELMA_2314531,plots_v3_aa,AA,1190 AA points from tAA/tAAEvents added (no species lists for these)
FOPO_2314741,plots_v3_aa,AA,1533 AA points from tAA/tAAEvents added (no species lists for these)
FRHI_2314549,plots_v3_aa,AA,47 AA points from tAA/tAAEvents added (no species lists for these)
GICL_2314556,plots_v3_aa,AA,320 AA points from tAA/tAAEvents added (no species lists for these)
HAVO_2314581,plots_v3_aa,AA,964 AA points from tAA/tAAEvents added (no species lists for these)
HOBE_2314583,plots_v3_aa,AA,222 AA points from tAA/tAAEvents added (no species lists for these)
KAHO_2314599,plots_v3_aa,AA,90 AA points from tAA/tAAEvents added (no species lists for these)
KIMO_2314603,plots_v3_aa,AA,353 AA points from tAA/tAAEvents added (no species lists for these)
MOCA_2314621,plots_v3_aa,AA,200 AA points from tAA/tAAEvents added (no species lists for these)
MORU_2314625,plots_v3_aa,AA,102 AA points from tAA/tAAEvents added (no species lists for these)
NATR_2314626,plots_v3_aa,AA,"tAAEvents not ingested; unexpected columns ['a1cover', 'a1hgt', 'a2cover', 'a2hgt', 'allcover', 'bare', 'bedrock', 'classifiedcode']"
OCMU_2314635,plots_v3_aa,AA,138 AA points from tAA/tAAEvents added (no species lists for these)
PACN_2314697,plots_v3_aa,AA,150 AA points from tAA/tAAEvents added (no species lists for these)
SAGU_2314664,plots_v3_aa,AA,1932 AA points from tAA/tAAEvents added (no species lists for these)
SHIL_2314674,plots_v3_aa,AA,318 AA points from tAA/tAAEvents added (no species lists for these)
STRI_2314678,plots_v3_aa,AA,109 AA points from tAA/tAAEvents added (no species lists for these)
BOHA_2314482,all,species,14 species rows dropped: their event is not in this package (belongs to another park's package)
CACH_2314487,all,species,367 species rows dropped: their event is not in this package (belongs to another park's package)
MORA_2314623,all,species,77563 species rows dropped: their event is not in this package (belongs to another park's package)
