park_page,park_name,page_ok,project_ids,data_package_id,units,issued,package,n_products,product_types,plot_events,aa_points,with_lonlat,first_year,last_year,species_records,with_cover,schema_family,status,download_failures
https://www.nps.gov/im/vmi-abli.htm,Abraham Lincoln Birthplace National Historic Park,True,2191569.0,2314392.0,ABLI;VMI,2022-02-04T00:00:00,ABLI_2314392,5,"Assemblage, Data Package, Geospatial Dataset, Imagery, Unpublished Report",99.0,71.0,99.0,2002.0,2011.0,1992.0,1325.0,plots_v4,harmonized,0
https://www.nps.gov/im/vmi-acad.htm,Acadia National Park,True,1047691.0,2314393.0,ACAD;VMI,2022-02-04T00:00:00,ACAD_2314393,5,"Assemblage, Data Package, Geospatial Dataset, Imagery, Unpublished Report",903.0,724.0,903.0,1997.0,1999.0,6059.0,6059.0,ner_plots,harmonized,0
https://www.nps.gov/im/vmi-agfo.htm,Agate Fossil Beds National Monument,True,1047694.0,2314394.0,AGFO;VMI,2022-02-04T00:00:00,AGFO_2314394,5,"Assemblage, Data Package, Geospatial Dataset, Imagery, Unpublished Report",340.0,301.0,330.0,1997.0,1997.0,1091.0,1091.0,plots_v4,harmonized,0
https://www.nps.gov/im/vmi-ALAG.htm,Alagnak Wild River,True,2177112.0,2314397.0,AKR;AKRO;ALAG;SWAN;VMI,2022-03-01T00:00:00,AKR_2314397,7,"Assemblage, Data Package, Geospatial Dataset, Map, Poster, Published Report, Resource Brief",,,,,,,,,"downloaded, NOT yet harmonized (custom schema)",0
https://www.nps.gov/im/vmi-LAMR-ALFL.htm,Alibates Flint Quarries National Monument and Lake Meredith National Recreation Area,True,2165615.0,2314608.0,ALFL;LAMR;VMI,2022-02-04T00:00:00,ALFL_2314608,5,"Assemblage, Data Package, Geospatial Dataset, Imagery, Unpublished Report",465.0,283.0,465.0,2004.0,2005.0,3897.0,3897.0,plots_v4,harmonized,0
https://www.nps.gov/im/vmi-alpo.htm,Allegheny Portage Railroad National Historic Site,True,1047695.0,2314398.0,ALPO;ERMN;VMI,2022-03-09T00:00:00,ALPO_2314398,5,"Assemblage, Data Package, Geospatial Dataset, Imagery, Published Report",211.0,134.0,211.0,2005.0,2006.0,2365.0,2365.0,plots_v4,harmonized,0
https://www.nps.gov/im/vmi-amme.htm,American Memorial Park,True,2177205.0,2314400.0,AMME;PACN;VMI,2022-02-04T00:00:00,AMME_2314400,5,"Assemblage, Data Package, Geospatial Dataset, Imagery, Published Report",68.0,48.0,68.0,2009.0,2010.0,185.0,185.0,plots_v4,harmonized,0
https://www.nps.gov/im/vmi-AMIS.htm,Amistad National Recreational Area,True,2177114.0,2314399.0,AMIS;VMI,2022-03-09T00:00:00,AMIS_2314399,5,"Assemblage, Data Package, Geospatial Dataset, Imagery, Published Report",663.0,562.0,663.0,2012.0,2017.0,8256.0,8255.0,plots_v4,harmonized,0
https://www.nps.gov/im/vmi-ANIA.htm,Aniachak National Monument and Preserve,True,2170665.0,2314402.0,AKR;ANIA;SWAN;VMI,2022-03-09T00:00:00,AKR_2314402,5,"Assemblage, Data Package, Geospatial Dataset, Poster, Published Report",,,,,,,,,"downloaded, NOT yet harmonized (custom schema)",0
https://www.nps.gov/im/vmi-ANTI.htm,Antietam National Battlefield,True,2287477.0,,,,,22,"Assemblage, Geospatial Dataset, Imagery, Published Report",,,,,,,,,"no open-format data package (only: Assemblage, Geospatial Dataset, Imagery, Published Report)",0
https://www.nps.gov/im/vmi-APIS.htm,Apostle Islands National Lakeshore,True,2165618.0,2314426.0,APIS;VMI,2022-06-07T00:00:00,APIS_2314426,5,"Assemblage, Data Package, Geospatial Dataset, Imagery, Published Report",840.0,687.0,840.0,2005.0,2008.0,13316.0,13000.0,ner_plots,harmonized,0
https://www.nps.gov/im/vmi-appa.htm,Appalachian National Scenic Trail,True,2177176.0,2314433.0,APPA;VMI,2022-03-17T00:00:00,APPA_2314433,5,"Assemblage, Data Package, Geospatial Dataset, Imagery, Published Report",1618.0,0.0,1618.0,1976.0,2012.0,43010.0,41861.0,plots_v4,harmonized,0
https://www.nps.gov/im/vmi-APCO.htm,Appomattox Court House National Historical Park,True,1048518.0,2314403.0,APCO;VMI,2022-02-04T00:00:00,APCO_2314403,5,"Assemblage, Data Package, Geospatial Dataset, Imagery, Published Report",88.0,74.0,88.0,2002.0,2005.0,868.0,868.0,plots_v4,harmonized,0
https://www.nps.gov/im/vmi-arch.htm,Arches National Park,True,1048519.0,2314435.0,ARCH;VMI,2022-03-28T00:00:00,ARCH_2314435,5,"Assemblage, Data Package, Geospatial Dataset, Imagery, Published Report",1373.0,784.0,1373.0,2003.0,2006.0,15401.0,13639.0,ncpn_tbl,harmonized,0
https://www.nps.gov/im/vmi-ARPO.htm,Arkansas Post National Memorial,True,2177150.0,2314437.0,ARPO;VMI,2022-03-09T00:00:00,ARPO_2314437,5,"Assemblage, Data Package, Geospatial Dataset, Imagery, Published Report",181.0,68.0,181.0,2012.0,2014.0,1334.0,1194.0,plots_v4,harmonized,0
https://www.nps.gov/im/vmi-ASIS.htm,Assateague Island National Seashore,True,2177174.0,2314461.0,ASIS;VMI,2022-03-09T00:00:00,ASIS_2314461,5,"Assemblage, Data Package, Geospatial Dataset, Imagery, Published Report",569.0,455.0,528.0,1995.0,2009.0,3978.0,3974.0,ner_plots,harmonized,0
https://www.nps.gov/im/vmi-AZRU.htm,Aztec Ruins National Monument,True,1048520.0,2314464.0,AZRU;SCPN;VMI,2022-02-04T00:00:00,AZRU_2314464,4,"Assemblage, Data Package, Geospatial Dataset, Published Report",18.0,0.0,18.0,2006.0,2020.0,197.0,178.0,ncpn_tbl,harmonized,0
https://www.nps.gov/im/vmi-BADL.htm,Badlands National Park,True,1047696.0,2314465.0,BADL;VMI,2022-03-09T00:00:00,BADL_2314465,5,"Assemblage, Data Package, Geospatial Dataset, Imagery, Published Report",736.0,468.0,736.0,1997.0,1998.0,2412.0,2411.0,plots_v4,harmonized,0
https://www.nps.gov/im/vmi-BAND.htm,Bandelier National Monument,True,2190733.0,2314466.0,BAND;SCPN;VMI,2022-07-20T00:00:00,BAND_2314466,5,"Assemblage, Data Package, Geospatial Dataset, Imagery, Published Report",922.0,211.0,922.0,2003.0,2008.0,9927.0,9897.0,plots_v4,harmonized,0
https://www.nps.gov/im/vmi-BEOL.htm,Bent's Old Fort National Historic Site,True,2165619.0,2314467.0,BEOL;VMI,2022-02-05T00:00:00,BEOL_2314467,5,"Assemblage, Data Package, Geospatial Dataset, Imagery, Published Report",274.0,219.0,274.0,2005.0,2006.0,1344.0,1329.0,plots_v4,harmonized,0
https://www.nps.gov/im/vmi-ARCN.htm,Bering Land Bridge National Preserve,True,2170680.0,2314551.0,AKR;AKRO;ARCN;BELA;CAKR;GAAR;KOVA;NOAT;VMI,2022-11-22T00:00:00,AKR_2314551,6,"Assemblage, Data Package, Geospatial Dataset, Poster, Published Report",,,,,,,,,"downloaded, NOT yet harmonized (custom schema)",0
https://www.nps.gov/im/vmi-BIBE.htm,Big Bend National Park,True,2177115.0,2314468.0,BIBE;VMI,2022-02-05T00:00:00,BIBE_2314468,5,"Assemblage, Data Package, Geospatial Dataset, Imagery, Published Report",1614.0,1113.0,1614.0,2010.0,2018.0,29444.0,29346.0,plots_v4,harmonized,0
https://www.nps.gov/im/vmi-BICY.htm,Big Cypress National Preserve,True,2177234.0,,,,,0,,,,,,,,,,IRMA project returned no products,0
https://www.nps.gov/im/vmi-BIHO.htm,Big Hole National Battlefield,True,2177218.0,2314751.0,BIHO;VMI,2022-02-07T00:00:00,BIHO_2314751,5,"Assemblage, Data Package, Geospatial Dataset, Imagery, Published Report",,,,,,,,,"downloaded, NOT yet harmonized (custom schema)",0
https://www.nps.gov/im/vmi-BISO.htm,Big South Fork Nat. River & Rec. Area,True,2177225.0,,,,,4,"Assemblage, Geospatial Dataset, Published Report, Unpublished Report",,,,,,,,,"no open-format data package (only: Assemblage, Geospatial Dataset, Published Report, Unpublished Report)",0
https://www.nps.gov/im/vmi-BITH.htm,Big Thicket National Preserve,True,2177228.0,2314478.0,BITH;VMI,2022-03-21T00:00:00,BITH_2314478,4,"Assemblage, Data Package, Geospatial Dataset, Published Report",1214.0,786.0,1214.0,2016.0,2019.0,16732.0,16542.0,plots_v4,harmonized,0
https://www.nps.gov/im/vmi-BICA.htm,Bighorn Canyon National Recreation Area,True,2177120.0,2314477.0,BICA;VMI,2022-03-09T00:00:00,BICA_2314477,5,"Assemblage, Data Package, Geospatial Dataset, Imagery, Published Report",1224.0,869.0,1224.0,2011.0,2013.0,5178.0,5178.0,plots_v4,harmonized,0
https://www.nps.gov/im/vmi-BISC.htm,Biscayne National Park,True,2177235.0,,,,,4,"Assemblage, Geospatial Dataset, Imagery, Published Report",,,,,,,,,"no open-format data package (only: Assemblage, Geospatial Dataset, Imagery, Published Report)",0
https://www.nps.gov/im/vmi-BLCA.htm,Black Canyon of the Gunnison National Park,True,2165620.0,2314480.0,BLCA;VMI,2022-03-09T00:00:00,BLCA_2314480,5,"Assemblage, Data Package, Geospatial Dataset, Imagery, Published Report",890.0,762.0,885.0,2000.0,2004.0,8604.0,8473.0,ncpn_tbl,harmonized,0
https://www.nps.gov/im/vmi-BLRI.htm,Blue Ridge Parkway,False,,,,,,0,,,,,,,,,,park page not available (404),0
https://www.nps.gov/im/vmi-BLUE.htm,Bluestone National Scenic River,True,1048521.0,2314481.0,BLUE;VMI,2022-02-05T00:00:00,BLUE_2314481,5,"Assemblage, Data Package, Geospatial Dataset, Imagery, Published Report",445.0,310.0,445.0,2003.0,2007.0,7582.0,7580.0,plots_v4,harmonized,0
https://www.nps.gov/im/vmi-BOWA.htm,Booker T. Washington National Monument,True,1047697.0,2314483.0,BOWA;VMI,2022-02-05T00:00:00,BOWA_2314483,5,"Assemblage, Data Package, Geospatial Dataset, Imagery, Published Report",6.0,0.0,6.0,2002.0,2002.0,378.0,378.0,plots_v4,harmonized,0
https://www.nps.gov/im/vmi-BOHA.htm,Boston Harbor Islands National Recreation Area,True,2177177.0,2314482.0,BOHA;VMI,2022-03-09T00:00:00,BOHA_2314482,5,"Assemblage, Data Package, Geospatial Dataset, Imagery, Published Report",219.0,172.0,219.0,2006.0,2008.0,1412.0,1412.0,ner_plots,harmonized,0
https://www.nps.gov/im/vmi-BRCA.htm,Bryce Canyon National Park,True,2170570.0,2314485.0,BRCA;VMI,2022-03-09T00:00:00,BRCA_2314485,5,"Assemblage, Data Package, Geospatial Dataset, Imagery, Published Report",1451.0,902.0,1451.0,2005.0,2007.0,18018.0,18008.0,ncpn_tbl,harmonized,0
https://www.nps.gov/im/vmi-BUIS.htm,Buck Island Reef National Monument,True,2165715.0,,,,,4,"Assemblage, Geospatial Dataset, Imagery, Published Report",,,,,,,,,"no open-format data package (only: Assemblage, Geospatial Dataset, Imagery, Published Report)",0
https://www.nps.gov/im/vmi-BUFF.htm,Buffalo National River,True,2190595.0,2314486.0,BUFF;VMI,2022-06-07T00:00:00,BUFF_2314486,5,"Assemblage, Data Package, Geospatial Dataset, Imagery, Published Report",1141.0,891.0,1141.0,2001.0,2010.0,25351.0,25351.0,ner_plots,harmonized,0
https://www.nps.gov/im/vmi-CABR.htm,Cabrillo National Monument,True,2309339.0,,,,,0,,,,,,,,,,IRMA project returned no products,0
https://www.nps.gov/im/vmi-CANA.htm,Canaveral National Seashore,True,2177242.0,2314492.0,CANA;VMI,2022-03-28T00:00:00,CANA_2314492,5,"Assemblage, Data Package, Geospatial Dataset, Imagery, Published Report",582.0,582.0,582.0,2016.0,2016.0,2234.0,2234.0,plots_v4,harmonized,0
https://www.nps.gov/im/vmi-CACH.htm,Canyon De Chelly National Monument,True,2173091.0,2314487.0,CACH;SCPN;VMI,2022-03-15T00:00:00,CACH_2314487,5,"Assemblage, Data Package, Geospatial Dataset, Imagery, Published Report",145.0,0.0,145.0,2004.0,2004.0,2831.0,2812.0,ncpn_tbl,harmonized,0
https://www.nps.gov/im/vmi-CANY.htm,Canyonlands National Park,True,2177122.0,2314493.0,CANY;VMI,2022-03-09T00:00:00,CANY_2314493,5,"Assemblage, Data Package, Geospatial Dataset, Imagery, Published Report",3330.0,2043.0,3330.0,2003.0,2009.0,35451.0,27906.0,ncpn_tbl,harmonized,0
https://www.nps.gov/im/vmi-CACO.htm,Cape Cod National Seashore,True,2170135.0,2314488.0,CACO;VMI,2022-02-05T00:00:00,CACO_2314488,5,"Assemblage, Data Package, Geospatial Dataset, Imagery, Published Report",619.0,492.0,619.0,2002.0,2004.0,1647.0,1647.0,plots_v4,harmonized,0
https://www.nps.gov/im/vmi-CAHA.htm,Cape Hatteras National Seashore,True,2177240.0,2314490.0,CAHA;VMI,2022-03-28T00:00:00,CAHA_2314490,5,"Assemblage, Data Package, Geospatial Dataset, Imagery, Published Report",591.0,440.0,585.0,2005.0,2012.0,853.0,853.0,plots_v4,harmonized,0
https://www.nps.gov/im/vmi-CALO.htm,Cape Lookout National Seashore,True,2177241.0,2314491.0,CALO;VMI,2022-03-28T00:00:00,CALO_2314491,5,"Assemblage, Data Package, Geospatial Dataset, Imagery, Published Report",449.0,258.0,448.0,2005.0,2012.0,1039.0,966.0,plots_v4,harmonized,0
https://www.nps.gov/im/vmi-CARE.htm,Capitol Reef National Park,True,1048522.0,2314495.0,CARE;VMI,2022-02-05T00:00:00,CARE_2314495,5,"Assemblage, Data Package, Geospatial Dataset, Imagery, Published Report",1878.0,1313.0,1856.0,1986.0,2005.0,21065.0,10723.0,ncpn_tbl,harmonized,0
https://www.nps.gov/im/vmi-CAVO.htm,Capulin Volcano National Monument,True,2190357.0,2314499.0,CAVO;VMI,2022-02-05T00:00:00,CAVO_2314499,5,"Assemblage, Data Package, Geospatial Dataset, Imagery, Published Report",189.0,109.0,189.0,2002.0,2009.0,1679.0,1673.0,plots_v4,harmonized,0
https://www.nps.gov/im/vmi-CARL.htm,Carl Sandburg Home National Historic Site,True,2170836.0,2314496.0,CARL;VMI,2022-02-05T00:00:00,CARL_2314496,5,"Assemblage, Data Package, Geospatial Dataset, Imagery, Unpublished Report",100.0,85.0,100.0,2001.0,2004.0,1288.0,1288.0,plots_v4,harmonized,0
https://www.nps.gov/im/vmi-CAVE.htm,Carlsbad Caverns National Park,True,2165621.0,2314498.0,CAVE;VMI,2022-02-05T00:00:00,CAVE_2314498,5,"Assemblage, Data Package, Geospatial Dataset, Imagery, Unpublished Report",744.0,342.0,734.0,1999.0,2006.0,8180.0,8112.0,plots_v4,harmonized,0
https://www.nps.gov/im/vmi-CAGR.htm,Casa Grande National Monument,True,2177127.0,2314489.0,CAGR;VMI,2022-03-09T00:00:00,CAGR_2314489,5,"Assemblage, Data Package, Geospatial Dataset, Imagery, Published Report",25.0,0.0,25.0,2008.0,2008.0,241.0,241.0,plots_v4,harmonized,0
https://www.nps.gov/im/vmi-CASA.htm,Castillo de San Marcos National Monument,True,2177243.0,2314497.0,CASA;VMI,2022-03-28T00:00:00,CASA_2314497,5,"Assemblage, Data Package, Geospatial Dataset, Imagery, Published Report",10.0,10.0,10.0,2015.0,2015.0,26.0,26.0,plots_v4,harmonized,0
https://www.nps.gov/im/vmi-CATO.htm,Catoctin Mountain Park,True,2287477.0,,,,,22,"Assemblage, Geospatial Dataset, Imagery, Published Report",,,,,,,,,"no open-format data package (only: Assemblage, Geospatial Dataset, Imagery, Published Report)",0
https://www.nps.gov/im/vmi-CEBR.htm,Cedar Breaks National Monument,True,2177123.0,2314507.0,CEBR;VMI,2022-03-09T00:00:00,CEBR_2314507,5,"Assemblage, Data Package, Geospatial Dataset, Imagery, Published Report",585.0,303.0,585.0,2006.0,2007.0,8022.0,8007.0,ncpn_tbl,harmonized,0
https://www.nps.gov/im/vmi-CHCU.htm,Chaco Culture National Historical Park,True,2190743.0,2314504.0,CHCU;SCPN;VMI,2022-03-09T00:00:00,CHCU_2314504,5,"Assemblage, Data Package, Geospatial Dataset, Imagery, Published Report",459.0,315.0,143.0,2004.0,2006.0,4685.0,2364.0,ncpn_tbl,harmonized,0
https://www.nps.gov/im/vmi-CHIS.htm,Channel Islands National Park,True,2177189.0,,,,,4,"Administrative, Assemblage, Geospatial Dataset, Published Report",,,,,,,,,"no open-format data package (only: Administrative, Assemblage, Geospatial Dataset, Published Report)",0
https://www.nps.gov/im/vmi-CHAT.htm,Chattahoochee River National Recreation Area,True,2177244.0,2314502.0,CHAT;VMI,2022-07-20T00:00:00,CHAT_2314502,5,"Assemblage, Data Package, Geospatial Dataset, Imagery, Published Report",482.0,409.0,481.0,2006.0,2014.0,3639.0,3638.0,plots_v4,harmonized,0
https://www.nps.gov/im/vmi-CHOH.htm,Chesapeake & Ohio Canal National Historical Park,True,2287477.0,,,,,22,"Assemblage, Geospatial Dataset, Imagery, Published Report",,,,,,,,,"no open-format data package (only: Assemblage, Geospatial Dataset, Imagery, Published Report)",0
https://www.nps.gov/im/vmi-CHCH.htm,Chickamauga & Chattanooga National Military Park,True,2191606.0,2314503.0,CHCH;VMI,2022-02-05T00:00:00,CHCH_2314503,5,"Assemblage, Data Package, Geospatial Dataset, Imagery, Unpublished Report",568.0,513.0,568.0,2002.0,2011.0,3408.0,1955.0,plots_v4,harmonized,0
https://www.nps.gov/im/vmi-CHIC.htm,Chickasaw National Recreation Area,True,2173094.0,2314505.0,CHIC;VMI,2022-02-07T00:00:00,CHIC_2314505,4,"Assemblage, Data Package, Geospatial Dataset, Published Report",363.0,274.0,363.0,2006.0,2006.0,2349.0,2349.0,plots_v4,harmonized,0
https://www.nps.gov/im/vmi-CHIR.htm,Chiricahua National Monument,True,2177128.0,,,,,5,"Assemblage, Geospatial Dataset, Imagery, Published Report",,,,,,,,,"no open-format data package (only: Assemblage, Geospatial Dataset, Imagery, Published Report)",0
https://www.nps.gov/im/vmi-CIRO.htm,City Of Rocks National Reserve,True,2188918.0,2314752.0,CIRO;VMI,2022-02-05T00:00:00,CIRO_2314752,5,"Assemblage, Data Package, Geospatial Dataset, Imagery, Published Report",,,,,,,,,"downloaded, NOT yet harmonized (custom schema)",0
https://www.nps.gov/im/vmi-COLO.htm,Colonial National Historical Park,True,1047699.0,2314511.0,COLO;VMI,2022-02-07T00:00:00,COLO_2314511,5,"Assemblage, Data Package, Geospatial Dataset, Imagery, Published Report",231.0,183.0,231.0,1997.0,2005.0,1925.0,1925.0,plots_v4,harmonized,0
https://www.nps.gov/im/vmi-COLM.htm,Colorado National Monument,True,1047698.0,2314510.0,COLM;VMI,2022-03-09T00:00:00,COLM_2314510,5,"Assemblage, Data Package, Geospatial Dataset, Imagery, Published Report",1025.0,500.0,1025.0,2003.0,2004.0,12592.0,11256.0,ncpn_tbl,harmonized,0
https://www.nps.gov/im/vmi-CONG.htm,Congaree National Park,True,1047700.0,2314512.0,CONG;VMI,2022-03-09T00:00:00,CONG_2314512,5,"Assemblage, Data Package, Geospatial Dataset, Imagery, Unpublished Report",722.0,596.0,720.0,1996.0,2000.0,6271.0,6260.0,plots_v4,harmonized,0
https://www.nps.gov/im/vmi-CORO.htm,Coronado National Memorial,True,2177129.0,2314513.0,CORO;VMI,2022-03-21T00:00:00,CORO_2314513,5,"Assemblage, Data Package, Geospatial Dataset, Imagery, Published Report",468.0,366.0,468.0,2010.0,2016.0,4543.0,2747.0,plots_v4,harmonized,0
https://www.nps.gov/im/vmi-COWP.htm,Cowpens National Battlefield,True,2172843.0,2314514.0,COWP;VMI,2022-02-05T00:00:00,COWP_2314514,5,"Assemblage, Data Package, Geospatial Dataset, Imagery, Unpublished Report",174.0,151.0,174.0,2001.0,2011.0,1034.0,1033.0,plots_v4,harmonized,0
https://www.nps.gov/im/vmi-CRLA.htm,Crater Lake National Park,True,2177183.0,2314516.0,CRLA;VMI,2022-03-21T00:00:00,CRLA_2314516,5,"Assemblage, Data Package, Geospatial Dataset, Imagery, Published Report",2101.0,1501.0,2101.0,2006.0,2017.0,12336.0,12336.0,plots_v4,harmonized,0
https://www.nps.gov/im/vmi-CRMO.htm,Craters of the Moon National Monument and Preserve,True,2170231.0,,,,,4,"Assemblage, Geospatial Dataset, Imagery, Published Report",,,,,,,,,"no open-format data package (only: Assemblage, Geospatial Dataset, Imagery, Published Report)",0
https://www.nps.gov/im/vmi-CUGA.htm,Cumberland Gap National Historical Park,True,2194429.0,2314517.0,CUGA;VMI,2022-02-05T00:00:00,CUGA_2314517,5,"Assemblage, Data Package, Geospatial Dataset, Imagery, Unpublished Report",713.0,611.0,713.0,2002.0,2011.0,5843.0,4407.0,plots_v4,harmonized,0
https://www.nps.gov/im/vmi-CUIS.htm,Cumberland Island National Seashore,True,2177245.0,2314518.0,CUIS;VMI,2022-03-21T00:00:00,CUIS_2314518,5,"Assemblage, Data Package, Geospatial Dataset, Imagery, Published Report",850.0,704.0,845.0,2006.0,2014.0,2067.0,2065.0,plots_v4,harmonized,0
https://www.nps.gov/im/vmi-CURE.htm,Curecanti National Recreation Area,True,2169110.0,2314519.0,CURE;VMI,2022-03-09T00:00:00,CURE_2314519,5,"Assemblage, Data Package, Geospatial Dataset, Imagery, Published Report",1417.0,1037.0,1417.0,2000.0,2005.0,16587.0,16580.0,ncpn_tbl,harmonized,0
https://www.nps.gov/im/vmi-CUVA.htm,Cuyahoga Valley National Park,True,2177152.0,2314520.0,CUVA;VMI,2022-03-09T00:00:00,CUVA_2314520,5,"Assemblage, Data Package, Geospatial Dataset, Imagery, Published Report",868.0,647.0,867.0,2010.0,2012.0,5126.0,5094.0,plots_v4,harmonized,0
https://www.nps.gov/im/vmi-DESO.htm,De Soto National Memorial,True,1049313.0,,,,,4,"Assemblage, Geospatial Dataset, Imagery, Published Report",,,,,,,,,"no open-format data package (only: Assemblage, Geospatial Dataset, Imagery, Published Report)",0
https://www.nps.gov/im/vmi-DEVA.htm,Death Valley National Monument,True,2177191.0,,,,,3,"Assemblage, Geospatial Dataset, Published Report",,,,,,,,,"no open-format data package (only: Assemblage, Geospatial Dataset, Published Report)",0
https://www.nps.gov/im/vmi-DEWA.htm,Delaware Water Gap National Recreation Area,True,1047702.0,2314525.0,DEWA;ERMN;VMI,2022-02-05T00:00:00,DEWA_2314525,5,"Assemblage, Data Package, Geospatial Dataset, Imagery, Published Report",1381.0,1130.0,1381.0,2003.0,2006.0,8136.0,8136.0,plots_v4,harmonized,0
https://www.nps.gov/im/vmi-DENA.htm,Denali National Park and Preserve,True,2170664.0,2314521.0,AKR;AKRO;CAKN;DENA;VMI,2022-02-05T00:00:00,AKR_2314521,6,"Assemblage, Data Package, Geospatial Dataset, Poster, Published Report",,,,,,,,,"downloaded, NOT yet harmonized (custom schema)",0
https://www.nps.gov/im/vmi-YOSE-DEPO.htm,Devils Postpile National Monument,True,2170174.0,,,,,0,,,,,,,,,,IRMA project returned no products,0
https://www.nps.gov/im/vmi-DETO.htm,Devils Tower National Monument,True,1047701.0,2314524.0,DETO;VMI,2022-02-05T00:00:00,DETO_2314524,5,"Assemblage, Data Package, Geospatial Dataset, Imagery, Unpublished Report",172.0,108.0,171.0,1996.0,1997.0,642.0,642.0,plots_v4,harmonized,0
https://www.nps.gov/im/vmi-DINO.htm,Dinosaur National Monument,True,1047703.0,2314526.0,DINO;VMI,2022-02-05T00:00:00,DINO_2314526,5,"Assemblage, Data Package, Geospatial Dataset, Imagery, Published Report",2487.0,1543.0,2487.0,2002.0,2005.0,23744.0,20791.0,ncpn_tbl,harmonized,0
https://www.nps.gov/im/vmi-DRTO.htm,Dry Tortugas National Park,True,2177236.0,,,,,3,"Assemblage, Geospatial Dataset, Published Report",,,,,,,,,"no open-format data package (only: Assemblage, Geospatial Dataset, Published Report)",0
https://www.nps.gov/im/vmi-EBLA.htm,Ebeys Landing National Historical Reserve,True,2177198.0,2314528.0,EBLA;NCCN;VMI,2022-03-09T00:00:00,EBLA_2314528,5,"Assemblage, Data Package, Geospatial Dataset, Imagery, Published Report",564.0,285.0,559.0,2013.0,2015.0,418.0,418.0,plots_v4,harmonized,0
https://www.nps.gov/im/vmi-EFMO.htm,Effigy Mounds National Monument,True,1047704.0,2314529.0,EFMO;VMI,2022-02-05T00:00:00,EFMO_2314529,5,"Assemblage, Data Package, Geospatial Dataset, Imagery, Published Report",475.0,369.0,475.0,2001.0,2002.0,2165.0,2165.0,plots_v4,harmonized,0
https://www.nps.gov/im/vmi-GETT-EISE.htm,Eisenhower National Historic Site,True,1048532.0,2314554.0,EISE;GETT;VMI,2022-02-06T00:00:00,EISE_2314554,5,"Assemblage, Data Package, Geospatial Dataset, Imagery, Published Report",297.0,227.0,297.0,2004.0,2005.0,5403.0,5403.0,ner_plots,harmonized,0
https://www.nps.gov/im/vmi-ELMA.htm,El Malpais National Monument,True,2177137.0,2314531.0,ELMA;VMI,2022-02-05T00:00:00,ELMA_2314531,5,"Assemblage, Data Package, Geospatial Dataset, Imagery, Published Report",1666.0,1190.0,1666.0,2005.0,2009.0,7859.0,7808.0,plots_v4,harmonized,0
https://www.nps.gov/im/vmi-ELMO.htm,El Morro National Monument,True,2165622.0,2314532.0,ELMO;SCPN;VMI,2022-02-05T00:00:00,ELMO_2314532,5,"Assemblage, Data Package, Geospatial Dataset, Imagery, Published Report",47.0,0.0,47.0,2005.0,2005.0,213.0,0.0,ncpn_tbl,harmonized,0
https://www.nps.gov/im/vmi-EVER.htm,Everglades National Park,True,2177237.0,,,,,10,"Assemblage, Geospatial Dataset, Published Report",,,,,,,,,"no open-format data package (only: Assemblage, Geospatial Dataset, Published Report)",0
https://www.nps.gov/im/vmi-FOCA.htm,Fort Caroline National Monument,True,2177246.0,2314538.0,FOCA;VMI,2022-03-28T00:00:00,FOCA_2314538,5,"Assemblage, Data Package, Geospatial Dataset, Imagery, Published Report",54.0,54.0,54.0,2016.0,2016.0,287.0,287.0,plots_v4,harmonized,0
https://www.nps.gov/im/vmi-FOMA.htm,Fort Matanzas National Monument,True,2177248.0,2314544.0,FOMA;VMI,2022-03-28T00:00:00,FOMA_2314544,5,"Assemblage, Data Package, Geospatial Dataset, Imagery, Published Report",64.0,64.0,64.0,2015.0,2016.0,277.0,277.0,plots_v4,harmonized,0
https://www.nps.gov/im/vmi-FONE.htm,Fort Necessity National Battlefield,True,1047709.0,,,,,4,"Assemblage, Geospatial Dataset, Imagery, Published Report",,,,,,,,,"no open-format data package (only: Assemblage, Geospatial Dataset, Imagery, Published Report)",0
https://www.nps.gov/im/vmi-PORE-GOGA.htm,Fort Point National Historic Site,True,2165650.0,2314741.0,FOPO;GOGA;MUWO;PORE;VMI,2022-03-21T00:00:00,FOPO_2314741,4,"Assemblage, Data Package, Geospatial Dataset, Unpublished Report",1899.0,1533.0,1631.0,1997.0,2001.0,17393.0,17392.0,plots_v4,harmonized,0
https://www.nps.gov/im/vmi-FRHI.htm,Friendship Hill National Historic Site,True,1047710.0,2314549.0,FRHI;VMI,2022-03-10T00:00:00,FRHI_2314549,5,"Assemblage, Data Package, Geospatial Dataset, Imagery, Published Report",79.0,47.0,79.0,2004.0,2005.0,1310.0,1310.0,plots_v4,harmonized,0
https://www.nps.gov/im/vmi-GAAR.htm,Gates of the Arcitc National Park and Preserve,False,,,,,,0,,,,,,,,,,park page not available (404),0
https://www.nps.gov/im/vmi-GWMP.htm,George Washington Memorial Parkway,True,2287477.0,,,,,22,"Assemblage, Geospatial Dataset, Imagery, Published Report",,,,,,,,,"no open-format data package (only: Assemblage, Geospatial Dataset, Imagery, Published Report)",0
https://www.nps.gov/im/vmi-GICL.htm,Gila Cliff Dwellings National Monument,True,2177131.0,2314556.0,GICL;VMI,2022-03-10T00:00:00,GICL_2314556,5,"Assemblage, Data Package, Geospatial Dataset, Imagery, Published Report",409.0,320.0,405.0,2012.0,2012.0,3273.0,3273.0,plots_v4,harmonized,0
https://www.nps.gov/im/vmi-GLBA.htm,Glacier Bay National Park and Preserve,True,2170666.0,,,,,5,"Assemblage, Geospatial Dataset, Photogrammetry Image, Poster, Published Report",,,,,,,,,"no open-format data package (only: Assemblage, Geospatial Dataset, Photogrammetry Image, Poster, Published Report)",0
https://www.nps.gov/im/vmi-GLCA-RABR.htm,Glen Canyon National Recreation Area,True,2177138.0,2314559.0,GLCA;VMI,2022-03-21T00:00:00,GLCA_2314559,5,"Assemblage, Data Package, Geospatial Dataset, Imagery, Published Report",2883.0,1668.0,2883.0,2004.0,2015.0,32087.0,28342.0,ncpn_tbl,harmonized,0
https://www.nps.gov/im/vmi-GUMO.htm,Guadalupe Mountains National Park,True,2177117.0,2314574.0,GUMO;VMI,2022-02-06T00:00:00,GUMO_2314574,5,"Assemblage, Data Package, Geospatial Dataset, Imagery, Published Report",883.0,342.0,880.0,2006.0,2014.0,14528.0,14377.0,plots_v4,harmonized,0
https://www.nps.gov/im/vmi-GUIS.htm,Gulf Islands National Seashore,True,2177229.0,2314573.0,GUIS;VMI,2022-03-28T00:00:00,GUIS_2314573,5,"Assemblage, Data Package, Geospatial Dataset, Imagery, Published Report",958.0,708.0,958.0,2016.0,2018.0,6912.0,6797.0,plots_v4,harmonized,0
https://www.nps.gov/im/vmi-HAFE.htm,Harpers Ferry National Historical Park,True,2287477.0,,,,,22,"Assemblage, Geospatial Dataset, Imagery, Published Report",,,,,,,,,"no open-format data package (only: Assemblage, Geospatial Dataset, Imagery, Published Report)",0
https://www.nps.gov/im/vmi-HAVO.htm,Hawaii Volcanoes National Park,True,2230298.0,2314581.0,HAVO;PACN;VMI,2022-02-06T00:00:00,HAVO_2314581,5,"Assemblage, Data Package, Geospatial Dataset, Imagery, Published Report",1554.0,964.0,1542.0,1997.0,2013.0,7977.0,7801.0,plots_v4,harmonized,0
https://www.nps.gov/im/vmi-HOBE.htm,Horseshoe Bend National Military Park,True,2177251.0,2314583.0,HOBE;VMI,2022-03-21T00:00:00,HOBE_2314583,5,"Assemblage, Data Package, Geospatial Dataset, Imagery, Published Report",259.0,222.0,258.0,2007.0,2015.0,1155.0,1155.0,plots_v4,harmonized,0
https://www.nps.gov/im/vmi-KAHO.htm,Kaloko Honokohau National Historical Park,True,2177208.0,2314599.0,KAHO;PACN;VMI,2022-02-06T00:00:00,KAHO_2314599,5,"Assemblage, Data Package, Geospatial Dataset, Imagery, Published Report",145.0,90.0,145.0,2008.0,2010.0,407.0,407.0,plots_v4,harmonized,0
https://www.nps.gov/im/vmi-KATM.htm,Katmai National Park and Preserve,True,2170667.0,,,,,6,"Assemblage, Geospatial Dataset, Poster, Published Report",,,,,,,,,"no open-format data package (only: Assemblage, Geospatial Dataset, Poster, Published Report)",0
https://www.nps.gov/im/vmi-KEFJ.htm,Kenai Fjords National Park,True,2170669.0,2314601.0,AKR;AKRO;KEFJ;SWAN;VMI,2022-04-25T00:00:00,AKR_2314601,6,"Assemblage, Data Package, Geospatial Dataset, Photogrammetry Image, Poster, Published Report",,,,,,,,,"downloaded, NOT yet harmonized (custom schema)",0
https://www.nps.gov/im/vmi-KIMO.htm,Kings Mountain National Military Park,True,2169111.0,2314603.0,KIMO;VMI,2022-02-06T00:00:00,KIMO_2314603,5,"Assemblage, Data Package, Geospatial Dataset, Imagery, Unpublished Report",374.0,353.0,374.0,2001.0,2010.0,1294.0,1294.0,plots_v4,harmonized,0
https://www.nps.gov/im/vmi-KLGO.htm,Klondike Gold Rush National Historic Park,True,2177110.0,2314604.0,AKR;AKRO;KLGO;SEAN;VMI,2022-03-04T00:00:00,AKR_2314604,5,"Assemblage, Data Package, Geospatial Dataset, Poster, Published Report",,,,,,,,,"downloaded, NOT yet harmonized (custom schema)",0
https://www.nps.gov/im/vmi-KNRI.htm,Knife River Indian Villages National Historic Site,True,1048525.0,,,,,4,"Assemblage, Geospatial Dataset, Imagery, Published Report",,,,,,,,,"no open-format data package (only: Assemblage, Geospatial Dataset, Imagery, Published Report)",0
https://www.nps.gov/im/vmi-LACL.htm,Lake Clark National Park and Preserve,True,2170668.0,,,,,5,"Assemblage, Geospatial Dataset, Poster, Published Report",,,,,,,,,"no open-format data package (only: Assemblage, Geospatial Dataset, Poster, Published Report)",0
https://www.nps.gov/im/vmi-LAKE.htm,Lake Mead National Recreation Area,True,2177194.0,2314607.0,LAKE;VMI,2022-03-21T00:00:00,LAKE_2314607,5,"Assemblage, Data Package, Geospatial Dataset, Imagery, Published Report",1719.0,552.0,1525.0,2007.0,2014.0,22311.0,22287.0,plots_v4,harmonized,0
https://www.nps.gov/im/vmi-LAVO.htm,Lassen Volcanic National Park,True,2177185.0,,,,,0,,,,,,,,,,IRMA project returned no products,0
https://www.nps.gov/im/vmi-LIBI.htm,Little Bighorn Battlefield National Monument,True,2177126.0,,,,,3,"Assemblage, Geospatial Dataset, Published Report",,,,,,,,,"no open-format data package (only: Assemblage, Geospatial Dataset, Published Report)",0
https://www.nps.gov/im/vmi-MANA.htm,Manassas National Battlefield Park,True,2287477.0,,,,,22,"Assemblage, Geospatial Dataset, Imagery, Published Report",,,,,,,,,"no open-format data package (only: Assemblage, Geospatial Dataset, Imagery, Published Report)",0
https://www.nps.gov/im/vmi-MNRR.htm,Missouri National Recreation River,True,2177161.0,2314620.0,MNRR;VMI,2022-03-07T00:00:00,MNRR_2314620,5,"Assemblage, Data Package, Geospatial Dataset, Imagery, Published Report",901.0,739.0,901.0,2015.0,2017.0,5638.0,5181.0,plots_v4,harmonized,0
https://www.nps.gov/im/vmi-MOJA.htm,Mojave National Preserve,True,2177196.0,,,,,3,"Assemblage, Geospatial Dataset, Published Report",,,,,,,,,"no open-format data package (only: Assemblage, Geospatial Dataset, Published Report)",0
https://www.nps.gov/im/vmi-MONO.htm,Monocacy National Battlefield,True,2287477.0,,,,,22,"Assemblage, Geospatial Dataset, Imagery, Published Report",,,,,,,,,"no open-format data package (only: Assemblage, Geospatial Dataset, Imagery, Published Report)",0
https://www.nps.gov/im/vmi-MOCA.htm,Montezuma Castle National Monument,True,2177132.0,2314621.0,MOCA;VMI,2022-04-25T00:00:00,MOCA_2314621,5,"Assemblage, Data Package, Geospatial Dataset, Imagery, Published Report",249.0,200.0,248.0,2011.0,2011.0,1133.0,1133.0,plots_v4,harmonized,0
https://www.nps.gov/im/vmi-MORA.htm,Mount Rainier National Park,True,2177201.0,2314623.0,MORA;NCCN;VMI,2022-03-28T00:00:00,MORA_2314623,5,"Assemblage, Data Package, Geospatial Dataset, Imagery, Published Report",3355.0,855.0,3355.0,2005.0,2020.0,27114.0,27114.0,plots_v4,harmonized,0
https://www.nps.gov/im/vmi-MORU.htm,Mount Rushmore National Memorial,True,1047722.0,2314625.0,MORU;VMI,2022-02-07T00:00:00,MORU_2314625,5,"Assemblage, Data Package, Geospatial Dataset, Imagery, Unpublished Report",172.0,102.0,171.0,1996.0,1997.0,601.0,601.0,plots_v4,harmonized,0
https://www.nps.gov/im/vmi-NATR.htm,Natchez Trace Parkway,True,2177231.0,2314626.0,NATR;VMI,2022-03-04T00:00:00,NATR_2314626,5,"Assemblage, Data Package, Geospatial Dataset, Imagery, Published Report",605.0,0.0,605.0,1995.0,2014.0,14390.0,14343.0,plots_v4,harmonized,0
https://www.nps.gov/im/vmi-NACE.htm,National Capital Parks East,True,2287477.0,,,,,22,"Assemblage, Geospatial Dataset, Imagery, Published Report",,,,,,,,,"no open-format data package (only: Assemblage, Geospatial Dataset, Imagery, Published Report)",0
https://www.nps.gov/im/vmi-NIOB.htm,Niobrara National Scenic River,True,2177162.0,2314631.0,NIOB;VMI,2022-03-07T00:00:00,NIOB_2314631,5,"Assemblage, Data Package, Geospatial Dataset, Imagery, Published Report",918.0,762.0,917.0,2015.0,2017.0,6452.0,6013.0,plots_v4,harmonized,0
https://www.nps.gov/im/vmi-NOCA.htm,North Cascades National Park,True,2177202.0,2314633.0,NCCN;NOCA;VMI,2022-03-28T00:00:00,NCCN_2314633,5,"Assemblage, Data Package, Geospatial Dataset, Imagery, Published Report",4141.0,1008.0,4141.0,2005.0,2020.0,45150.0,45150.0,plots_v4,harmonized,0
https://www.nps.gov/im/vmi-OBED.htm,Obed Wild and Scenic River,True,2177227.0,,,,,0,,,,,,,,,,IRMA project returned no products,0
https://www.nps.gov/im/vmi-OCMU.htm,Ocmulgee National Monument,True,2177254.0,2314635.0,OCMU;VMI,2022-03-07T00:00:00,OCMU_2314635,5,"Assemblage, Data Package, Geospatial Dataset, Imagery, Published Report",154.0,138.0,154.0,2008.0,2015.0,771.0,771.0,plots_v4,harmonized,0
https://www.nps.gov/im/vmi-OLYM.htm,Olympic National Park,True,2177203.0,2314636.0,NCCN;OLYM;VMI,2022-03-28T00:00:00,NCCN_2314636,5,"Assemblage, Data Package, Geospatial Dataset, Imagery, Published Report",3595.0,1036.0,3595.0,2005.0,2020.0,32413.0,32413.0,plots_v4,harmonized,0
https://www.nps.gov/im/vmi-ORPI.htm,Organ Pipe Cactus National Monument,True,2177133.0,,,,,4,"Assemblage, Geospatial Dataset, Published Report",,,,,,,,,"no open-format data package (only: Assemblage, Geospatial Dataset, Published Report)",0
https://www.nps.gov/im/vmi-PAIS.htm,Padre Island National Seashore,True,2240788.0,2314755.0,PAIS;VMI,2022-03-07T00:00:00,PAIS_2314755,5,"Assemblage, Data Package, Geospatial Dataset, Imagery, Published Report",309.0,0.0,309.0,2015.0,2016.0,1531.0,1531.0,plots_v4,harmonized,0
https://www.nps.gov/im/vmi-PRWI.htm,Prince William Forest Park,True,2287477.0,,,,,22,"Assemblage, Geospatial Dataset, Imagery, Published Report",,,,,,,,,"no open-format data package (only: Assemblage, Geospatial Dataset, Imagery, Published Report)",0
https://www.nps.gov/im/vmi-RIGR.htm,Rio Grande Wild and Scenic River,True,2177118.0,2314657.0,RIGR;VMI,2022-03-16T00:00:00,RIGR_2314657,5,"Assemblage, Data Package, Geospatial Dataset, Imagery, Published Report",311.0,153.0,311.0,2010.0,2018.0,3443.0,3438.0,plots_v4,harmonized,0
https://www.nps.gov/im/vmi-SAGU.htm,Saguaro National Park,True,2177134.0,2314664.0,SAGU;VMI,2022-03-08T00:00:00,SAGU_2314664,7,"Assemblage, Data Package, Geospatial Dataset, Imagery, Published Report",2855.0,1932.0,2851.0,2010.0,2018.0,19072.0,19072.0,plots_v4,harmonized,0
https://www.nps.gov/im/vmi-SAMO.htm,Santa Monica Mountains National Recreation Area,True,2177190.0,,,,,0,,,,,,,,,,IRMA project returned no products,0
https://www.nps.gov/im/vmi-SHIL.htm,Shiloh National Military Park,True,2192583.0,2314674.0,SHIL;VMI,2022-02-07T00:00:00,SHIL_2314674,5,"Assemblage, Data Package, Geospatial Dataset, Imagery, Unpublished Report",368.0,318.0,368.0,2002.0,2010.0,2714.0,2380.0,plots_v4,harmonized,0
https://www.nps.gov/im/vmi-SITK.htm,Sitka National Historical Park,True,2177111.0,2314676.0,AKR;AKRO;SEAN;SITK;VMI,2022-06-03T00:00:00,AKR_2314676,5,"Assemblage, Data Package, Geospatial Dataset, Poster, Published Report",,,,,,,,,"downloaded, NOT yet harmonized (custom schema)",0
https://www.nps.gov/im/vmi-STRI.htm,Stones River National Battlefield,True,2173187.0,2314678.0,STRI;VMI,2022-02-07T00:00:00,STRI_2314678,4,"Assemblage, Data Package, Geospatial Dataset, Imagery",134.0,109.0,134.0,2002.0,2008.0,1538.0,1289.0,plots_v4,harmonized,0
https://www.nps.gov/im/vmi-TIMU.htm,Timucuan Ecological and Historic Preserve,True,2177255.0,2314685.0,TIMU;VMI,2022-03-28T00:00:00,TIMU_2314685,5,"Assemblage, Data Package, Geospatial Dataset, Imagery, Published Report",512.0,512.0,512.0,2016.0,2016.0,2469.0,2469.0,plots_v4,harmonized,0
https://www.nps.gov/im/vmi-VIIS.htm,Virgin Islands National Park,True,2177239.0,,,,,3,"Assemblage, Geospatial Dataset, Published Report",,,,,,,,,"no open-format data package (only: Assemblage, Geospatial Dataset, Published Report)",0
https://www.nps.gov/im/vmi-WAPA.htm,War in the Pacific National Historical Park,True,2229869.0,2314697.0,PACN;VMI;WAPA,2022-02-07T00:00:00,PACN_2314697,5,"Assemblage, Data Package, Geospatial Dataset, Imagery, Published Report",224.0,150.0,223.0,2009.0,2011.0,848.0,848.0,plots_v4,harmonized,0
https://www.nps.gov/im/vmi-WHSA.htm,White Sands National Park,True,2177119.0,2314701.0,VMI;WHSA,2022-03-21T00:00:00,VMI_2314701,5,"Assemblage, Data Package, Geospatial Dataset, Imagery, Published Report",1414.0,677.0,1396.0,1993.0,2018.0,9103.0,9067.0,plots_v4,harmonized,0
https://www.nps.gov/im/vmi-WOTR.htm,Wolf Trap National Park for the Performing Arts,True,2287477.0,,,,,22,"Assemblage, Geospatial Dataset, Imagery, Published Report",,,,,,,,,"no open-format data package (only: Assemblage, Geospatial Dataset, Imagery, Published Report)",0
https://www.nps.gov/im/vmi-WRST.htm,Wrangell - St Elias National Park and Preserve,True,2170670.0,2314704.0,AKR;AKRO;CAKN;VMI;WRST,2022-03-21T00:00:00,AKR_2314704,9,"Assemblage, Data Package, Geospatial Dataset, Poster, Published Report",,,,,,,,,"downloaded, NOT yet harmonized (custom schema)",0
https://www.nps.gov/im/vmi-WUPA.htm,Wupatki National Monument,True,1047739.0,2314705.0,SCPN;VMI;WUPA,2022-03-17T00:00:00,SCPN_2314705,5,"Assemblage, Data Package, Geospatial Dataset, Imagery, Unpublished Report",,,,,,,,,"downloaded, NOT yet harmonized (custom schema)",0
https://www.nps.gov/im/vmi-YELL.htm,Yellowstone National Park,True,,,,,,0,,,,,,,,,,park page has no IRMA project link,0
https://www.nps.gov/im/vmi-YUCH.htm,Yukon-Charley Rivers National Preserve,True,2170671.0,2314706.0,AKR;AKRO;CAKN;VMI;YUCH,2022-03-17T00:00:00,AKR_2314706,6,"Assemblage, Data Package, Geospatial Dataset, Poster, Published Report",,,,,,,,,"downloaded, NOT yet harmonized (custom schema)",0
