park_page,park_name,page_ok,project_ids
https://www.nps.gov/im/vmi-abli.htm,Abraham Lincoln Birthplace National Historic Park,True,2191569
https://www.nps.gov/im/vmi-acad.htm,Acadia National Park,True,1047691
https://www.nps.gov/im/vmi-agfo.htm,Agate Fossil Beds National Monument,True,1047694
https://www.nps.gov/im/vmi-ALAG.htm,Alagnak Wild River,True,2177112
https://www.nps.gov/im/vmi-LAMR-ALFL.htm,Alibates Flint Quarries National Monument and Lake Meredith National Recreation Area,True,2165615
https://www.nps.gov/im/vmi-alpo.htm,Allegheny Portage Railroad National Historic Site,True,1047695
https://www.nps.gov/im/vmi-amme.htm,American Memorial Park,True,2177205
https://www.nps.gov/im/vmi-AMIS.htm,Amistad National Recreational Area,True,2177114
https://www.nps.gov/im/vmi-ANIA.htm,Aniachak National Monument and Preserve,True,2170665
https://www.nps.gov/im/vmi-ANTI.htm,Antietam National Battlefield,True,2287477
https://www.nps.gov/im/vmi-APIS.htm,Apostle Islands National Lakeshore,True,2165618
https://www.nps.gov/im/vmi-appa.htm,Appalachian National Scenic Trail,True,2177176
https://www.nps.gov/im/vmi-APCO.htm,Appomattox Court House National Historical Park,True,1048518
https://www.nps.gov/im/vmi-arch.htm,Arches National Park,True,1048519
https://www.nps.gov/im/vmi-ARPO.htm,Arkansas Post National Memorial,True,2177150
https://www.nps.gov/im/vmi-ASIS.htm,Assateague Island National Seashore,True,2177174
https://www.nps.gov/im/vmi-AZRU.htm,Aztec Ruins National Monument,True,1048520
https://www.nps.gov/im/vmi-BADL.htm,Badlands National Park,True,1047696
https://www.nps.gov/im/vmi-BAND.htm,Bandelier National Monument,True,2190733
https://www.nps.gov/im/vmi-BEOL.htm,Bent's Old Fort National Historic Site,True,2165619
https://www.nps.gov/im/vmi-ARCN.htm,Bering Land Bridge National Preserve,True,2170680
https://www.nps.gov/im/vmi-BIBE.htm,Big Bend National Park,True,2177115
https://www.nps.gov/im/vmi-BICY.htm,Big Cypress National Preserve,True,2177234
https://www.nps.gov/im/vmi-BIHO.htm,Big Hole National Battlefield,True,2177218
https://www.nps.gov/im/vmi-BISO.htm,Big South Fork Nat. River & Rec. Area,True,2177225
https://www.nps.gov/im/vmi-BITH.htm,Big Thicket National Preserve,True,2177228
https://www.nps.gov/im/vmi-BICA.htm,Bighorn Canyon National Recreation Area,True,2177120
https://www.nps.gov/im/vmi-BISC.htm,Biscayne National Park,True,2177235
https://www.nps.gov/im/vmi-BLCA.htm,Black Canyon of the Gunnison National Park,True,2165620
https://www.nps.gov/im/vmi-BLRI.htm,Blue Ridge Parkway,False,
https://www.nps.gov/im/vmi-BLUE.htm,Bluestone National Scenic River,True,1048521
https://www.nps.gov/im/vmi-BOWA.htm,Booker T. Washington National Monument,True,1047697
https://www.nps.gov/im/vmi-BOHA.htm,Boston Harbor Islands National Recreation Area,True,2177177
https://www.nps.gov/im/vmi-BRCA.htm,Bryce Canyon National Park,True,2170570
https://www.nps.gov/im/vmi-BUIS.htm,Buck Island Reef National Monument,True,2165715
https://www.nps.gov/im/vmi-BUFF.htm,Buffalo National River,True,2190595
https://www.nps.gov/im/vmi-CABR.htm,Cabrillo National Monument,True,2309339
https://www.nps.gov/im/vmi-CANA.htm,Canaveral National Seashore,True,2177242
https://www.nps.gov/im/vmi-CACH.htm,Canyon De Chelly National Monument,True,2173091
https://www.nps.gov/im/vmi-CANY.htm,Canyonlands National Park,True,2177122
https://www.nps.gov/im/vmi-CACO.htm,Cape Cod National Seashore,True,2170135
https://www.nps.gov/im/vmi-CAHA.htm,Cape Hatteras National Seashore,True,2177240
https://www.nps.gov/im/vmi-CALO.htm,Cape Lookout National Seashore,True,2177241
https://www.nps.gov/im/vmi-CARE.htm,Capitol Reef National Park,True,1048522
https://www.nps.gov/im/vmi-CAVO.htm,Capulin Volcano National Monument,True,2190357
https://www.nps.gov/im/vmi-CARL.htm,Carl Sandburg Home National Historic Site,True,2170836
https://www.nps.gov/im/vmi-CAVE.htm,Carlsbad Caverns National Park,True,2165621
https://www.nps.gov/im/vmi-CAGR.htm,Casa Grande National Monument,True,2177127
https://www.nps.gov/im/vmi-CASA.htm,Castillo de San Marcos National Monument,True,2177243
https://www.nps.gov/im/vmi-CATO.htm,Catoctin Mountain Park,True,2287477
https://www.nps.gov/im/vmi-CEBR.htm,Cedar Breaks National Monument,True,2177123
https://www.nps.gov/im/vmi-CHCU.htm,Chaco Culture National Historical Park,True,2190743
https://www.nps.gov/im/vmi-CHIS.htm,Channel Islands National Park,True,2177189
https://www.nps.gov/im/vmi-CHAT.htm,Chattahoochee River National Recreation Area,True,2177244
https://www.nps.gov/im/vmi-CHOH.htm,Chesapeake & Ohio Canal National Historical Park,True,2287477
https://www.nps.gov/im/vmi-CHCH.htm,Chickamauga & Chattanooga National Military Park,True,2191606
https://www.nps.gov/im/vmi-CHIC.htm,Chickasaw National Recreation Area,True,2173094
https://www.nps.gov/im/vmi-CHIR.htm,Chiricahua National Monument,True,2177128
https://www.nps.gov/im/vmi-CIRO.htm,City Of Rocks National Reserve,True,2188918
https://www.nps.gov/im/vmi-COLO.htm,Colonial National Historical Park,True,1047699
https://www.nps.gov/im/vmi-COLM.htm,Colorado National Monument,True,1047698
https://www.nps.gov/im/vmi-CONG.htm,Congaree National Park,True,1047700
https://www.nps.gov/im/vmi-CORO.htm,Coronado National Memorial,True,2177129
https://www.nps.gov/im/vmi-COWP.htm,Cowpens National Battlefield,True,2172843
https://www.nps.gov/im/vmi-CRLA.htm,Crater Lake National Park,True,2177183
https://www.nps.gov/im/vmi-CRMO.htm,Craters of the Moon National Monument and Preserve,True,2170231
https://www.nps.gov/im/vmi-CUGA.htm,Cumberland Gap National Historical Park,True,2194429
https://www.nps.gov/im/vmi-CUIS.htm,Cumberland Island National Seashore,True,2177245
https://www.nps.gov/im/vmi-CURE.htm,Curecanti National Recreation Area,True,2169110
https://www.nps.gov/im/vmi-CUVA.htm,Cuyahoga Valley National Park,True,2177152
https://www.nps.gov/im/vmi-DESO.htm,De Soto National Memorial,True,1049313
https://www.nps.gov/im/vmi-DEVA.htm,Death Valley National Monument,True,2177191
https://www.nps.gov/im/vmi-DEWA.htm,Delaware Water Gap National Recreation Area,True,1047702
https://www.nps.gov/im/vmi-DENA.htm,Denali National Park and Preserve,True,2170664
https://www.nps.gov/im/vmi-YOSE-DEPO.htm,Devils Postpile National Monument,True,2170174
https://www.nps.gov/im/vmi-DETO.htm,Devils Tower National Monument,True,1047701
https://www.nps.gov/im/vmi-DINO.htm,Dinosaur National Monument,True,1047703
https://www.nps.gov/im/vmi-DRTO.htm,Dry Tortugas National Park,True,2177236
https://www.nps.gov/im/vmi-EBLA.htm,Ebeys Landing National Historical Reserve,True,2177198
https://www.nps.gov/im/vmi-EFMO.htm,Effigy Mounds National Monument,True,1047704
https://www.nps.gov/im/vmi-GETT-EISE.htm,Eisenhower National Historic Site,True,1048532
https://www.nps.gov/im/vmi-ELMA.htm,El Malpais National Monument,True,2177137
https://www.nps.gov/im/vmi-ELMO.htm,El Morro National Monument,True,2165622
https://www.nps.gov/im/vmi-EVER.htm,Everglades National Park,True,2177237
https://www.nps.gov/im/vmi-FOCA.htm,Fort Caroline National Monument,True,2177246
https://www.nps.gov/im/vmi-FOMA.htm,Fort Matanzas National Monument,True,2177248
https://www.nps.gov/im/vmi-FONE.htm,Fort Necessity National Battlefield,True,1047709
https://www.nps.gov/im/vmi-PORE-GOGA.htm,Fort Point National Historic Site,True,2165650
https://www.nps.gov/im/vmi-FRHI.htm,Friendship Hill National Historic Site,True,1047710
https://www.nps.gov/im/vmi-GAAR.htm,Gates of the Arcitc National Park and Preserve,False,
https://www.nps.gov/im/vmi-GWMP.htm,George Washington Memorial Parkway,True,2287477
https://www.nps.gov/im/vmi-GICL.htm,Gila Cliff Dwellings National Monument,True,2177131
https://www.nps.gov/im/vmi-GLBA.htm,Glacier Bay National Park and Preserve,True,2170666
https://www.nps.gov/im/vmi-GLCA-RABR.htm,Glen Canyon National Recreation Area,True,2177138
https://www.nps.gov/im/vmi-GUMO.htm,Guadalupe Mountains National Park,True,2177117
https://www.nps.gov/im/vmi-GUIS.htm,Gulf Islands National Seashore,True,2177229
https://www.nps.gov/im/vmi-HAFE.htm,Harpers Ferry National Historical Park,True,2287477
https://www.nps.gov/im/vmi-HAVO.htm,Hawaii Volcanoes National Park,True,2230298
https://www.nps.gov/im/vmi-HOBE.htm,Horseshoe Bend National Military Park,True,2177251
https://www.nps.gov/im/vmi-KAHO.htm,Kaloko Honokohau National Historical Park,True,2177208
https://www.nps.gov/im/vmi-KATM.htm,Katmai National Park and Preserve,True,2170667
https://www.nps.gov/im/vmi-KEFJ.htm,Kenai Fjords National Park,True,2170669
https://www.nps.gov/im/vmi-KIMO.htm,Kings Mountain National Military Park,True,2169111
https://www.nps.gov/im/vmi-KLGO.htm,Klondike Gold Rush National Historic Park,True,2177110
https://www.nps.gov/im/vmi-KNRI.htm,Knife River Indian Villages National Historic Site,True,1048525
https://www.nps.gov/im/vmi-LACL.htm,Lake Clark National Park and Preserve,True,2170668
https://www.nps.gov/im/vmi-LAKE.htm,Lake Mead National Recreation Area,True,2177194
https://www.nps.gov/im/vmi-LAVO.htm,Lassen Volcanic National Park,True,2177185
https://www.nps.gov/im/vmi-LIBI.htm,Little Bighorn Battlefield National Monument,True,2177126
https://www.nps.gov/im/vmi-MANA.htm,Manassas National Battlefield Park,True,2287477
https://www.nps.gov/im/vmi-MNRR.htm,Missouri National Recreation River,True,2177161
https://www.nps.gov/im/vmi-MOJA.htm,Mojave National Preserve,True,2177196
https://www.nps.gov/im/vmi-MONO.htm,Monocacy National Battlefield,True,2287477
https://www.nps.gov/im/vmi-MOCA.htm,Montezuma Castle National Monument,True,2177132
https://www.nps.gov/im/vmi-MORA.htm,Mount Rainier National Park,True,2177201
https://www.nps.gov/im/vmi-MORU.htm,Mount Rushmore National Memorial,True,1047722
https://www.nps.gov/im/vmi-NATR.htm,Natchez Trace Parkway,True,2177231
https://www.nps.gov/im/vmi-NACE.htm,National Capital Parks East,True,2287477
https://www.nps.gov/im/vmi-NIOB.htm,Niobrara National Scenic River,True,2177162
https://www.nps.gov/im/vmi-NOCA.htm,North Cascades National Park,True,2177202
https://www.nps.gov/im/vmi-OBED.htm,Obed Wild and Scenic River,True,2177227
https://www.nps.gov/im/vmi-OCMU.htm,Ocmulgee National Monument,True,2177254
https://www.nps.gov/im/vmi-OLYM.htm,Olympic National Park,True,2177203
https://www.nps.gov/im/vmi-ORPI.htm,Organ Pipe Cactus National Monument,True,2177133
https://www.nps.gov/im/vmi-PAIS.htm,Padre Island National Seashore,True,2240788
https://www.nps.gov/im/vmi-PRWI.htm,Prince William Forest Park,True,2287477
https://www.nps.gov/im/vmi-RIGR.htm,Rio Grande Wild and Scenic River,True,2177118
https://www.nps.gov/im/vmi-SAGU.htm,Saguaro National Park,True,2177134
https://www.nps.gov/im/vmi-SAMO.htm,Santa Monica Mountains National Recreation Area,True,2177190
https://www.nps.gov/im/vmi-SHIL.htm,Shiloh National Military Park,True,2192583
https://www.nps.gov/im/vmi-SITK.htm,Sitka National Historical Park,True,2177111
https://www.nps.gov/im/vmi-STRI.htm,Stones River National Battlefield,True,2173187
https://www.nps.gov/im/vmi-TIMU.htm,Timucuan Ecological and Historic Preserve,True,2177255
https://www.nps.gov/im/vmi-VIIS.htm,Virgin Islands National Park,True,2177239
https://www.nps.gov/im/vmi-WAPA.htm,War in the Pacific National Historical Park,True,2229869
https://www.nps.gov/im/vmi-WHSA.htm,White Sands National Park,True,2177119
https://www.nps.gov/im/vmi-WOTR.htm,Wolf Trap National Park for the Performing Arts,True,2287477
https://www.nps.gov/im/vmi-WRST.htm,Wrangell - St Elias National Park and Preserve,True,2170670
https://www.nps.gov/im/vmi-WUPA.htm,Wupatki National Monument,True,1047739
https://www.nps.gov/im/vmi-YELL.htm,Yellowstone National Park,True,
https://www.nps.gov/im/vmi-YUCH.htm,Yukon-Charley Rivers National Preserve,True,2170671
